"","X","Y","ele","time","magvar","geoidheight","name","cmt","desc","src","link1_href","link1_text","link1_type","link2_href","link2_text","link2_type","sym","type","fix","sat","hdop","vdop","pdop","ageofdgpsdata","dgpsid","DistNeigh"
"1",-59.481417,-1.895899,45.7111,"20/10/2022 21:10",NA,NA,"A000A1","","",NA,NA,NA,NA,NA,NA,NA,"Flag, Blue",NA,NA,NA,NA,NA,NA,NA,NA,1791.88873027539
"2",-59.481832,-1.896043,45.28975,"20/10/2022 21:17",NA,NA,"A000A2","","",NA,NA,NA,NA,NA,NA,NA,"Flag, Blue",NA,NA,NA,NA,NA,NA,NA,NA,1750.82611853797
"3",-59.482323,-1.896274,44.47369,"20/10/2022 21:20",NA,NA,"A000A3","","",NA,NA,NA,NA,NA,NA,NA,"Flag, Blue",NA,NA,NA,NA,NA,NA,NA,NA,1697.40336884775
"4",-59.482725,-1.896485,44.38336,"20/10/2022 21:23",NA,NA,"A000A4","","",NA,NA,NA,NA,NA,NA,NA,"Flag, Blue",NA,NA,NA,NA,NA,NA,NA,NA,1652.06118612917
"5",-59.483231,-1.896689,44.15781,"20/10/2022 21:27",NA,NA,"A000A5","","",NA,NA,NA,NA,NA,NA,NA,"Flag, Blue",NA,NA,NA,NA,NA,NA,NA,NA,1601.00332150001
"6",-59.483752,-1.896954,43.77631,"20/10/2022 21:31",NA,NA,"A000A6","","",NA,NA,NA,NA,NA,NA,NA,"Flag, Blue",NA,NA,NA,NA,NA,NA,NA,NA,1544.10040364471
"7",-59.688687,-1.608243,52.42561,"14/09/2022 19:54",NA,NA,"A001A1","","",NA,NA,NA,NA,NA,NA,NA,"Flag, Blue",NA,NA,NA,NA,NA,NA,NA,NA,1646.22037609915
"8",-59.68917,-1.608204,51.94521,"14/09/2022 19:59",NA,NA,"A001A2","","",NA,NA,NA,NA,NA,NA,NA,"Flag, Blue",NA,NA,NA,NA,NA,NA,NA,NA,1599.03260683837
"9",-59.68963,-1.608284,52.04209,"14/09/2022 20:04",NA,NA,"A001A3","","",NA,NA,NA,NA,NA,NA,NA,"Flag, Blue",NA,NA,NA,NA,NA,NA,NA,NA,1548.91715984007
"10",-59.690085,-1.608287,51.38337,"14/09/2022 20:07",NA,NA,"A001A4","","",NA,NA,NA,NA,NA,NA,NA,"Flag, Blue",NA,NA,NA,NA,NA,NA,NA,NA,1503.1565652196
"11",-59.690485,-1.608243,51.48706,"14/09/2022 20:11",NA,NA,"A001A5","","",NA,NA,NA,NA,NA,NA,NA,"Flag, Blue",NA,NA,NA,NA,NA,NA,NA,NA,1465.53141842824
"12",-59.690958,-1.608348,50.77165,"14/09/2022 20:14",NA,NA,"A001A6","","",NA,NA,NA,NA,NA,NA,NA,"Flag, Blue",NA,NA,NA,NA,NA,NA,NA,NA,1413.44351489409
"13",-59.77544,-1.766532,49.89257,"18/09/2022 15:32",NA,NA,"A002A1","","",NA,NA,NA,NA,NA,NA,NA,"Flag, Blue",NA,NA,NA,NA,NA,NA,NA,NA,21.5395031789541
"14",-59.775921,-1.766523,49.5717,"18/09/2022 15:37",NA,NA,"A002A2","","",NA,NA,NA,NA,NA,NA,NA,"Flag, Blue",NA,NA,NA,NA,NA,NA,NA,NA,53.1892649737719
"15",-59.776371,-1.766456,49.33,"18/09/2022 15:40",NA,NA,"A002A3","","",NA,NA,NA,NA,NA,NA,NA,"Flag, Blue",NA,NA,NA,NA,NA,NA,NA,NA,97.3928746349922
"16",-59.776842,-1.766259,49.00757,"18/09/2022 15:43",NA,NA,"A002A4","","",NA,NA,NA,NA,NA,NA,NA,"Flag, Blue",NA,NA,NA,NA,NA,NA,NA,NA,129.184730292074
"17",-59.777385,-1.766466,49.36242,"18/09/2022 15:46",NA,NA,"A002A5","","",NA,NA,NA,NA,NA,NA,NA,"Flag, Blue",NA,NA,NA,NA,NA,NA,NA,NA,74.6249879910771
"18",-59.777775,-1.766613,49.37622,"18/09/2022 15:48",NA,NA,"A002A6","","",NA,NA,NA,NA,NA,NA,NA,"Flag, Blue",NA,NA,NA,NA,NA,NA,NA,NA,52.4651374042299
"19",-59.65921,-1.656541,52.78149,"17/09/2022 19:01",NA,NA,"A003A1","","",NA,NA,NA,NA,NA,NA,NA,"Flag, Blue",NA,NA,NA,NA,NA,NA,NA,NA,1470.17146245082
"20",-59.658704,-1.656624,51.72426,"17/09/2022 19:05",NA,NA,"A003A2","","",NA,NA,NA,NA,NA,NA,NA,"Flag, Blue",NA,NA,NA,NA,NA,NA,NA,NA,1420.04903196329
"21",-59.658219,-1.656685,50.60904,"17/09/2022 19:10",NA,NA,"A003A3","","",NA,NA,NA,NA,NA,NA,NA,"Flag, Blue",NA,NA,NA,NA,NA,NA,NA,NA,1371.78310921888
"22",-59.65778,-1.656744,49.90958,"17/09/2022 19:15",NA,NA,"A003A4","","",NA,NA,NA,NA,NA,NA,NA,"Flag, Blue",NA,NA,NA,NA,NA,NA,NA,NA,1328.65865084961
"23",-59.657377,-1.65672,49.4972,"17/09/2022 19:19",NA,NA,"A003A5","","",NA,NA,NA,NA,NA,NA,NA,"Flag, Blue",NA,NA,NA,NA,NA,NA,NA,NA,1286.12881062116
"24",-59.656931,-1.656668,48.19593,"17/09/2022 19:22",NA,NA,"A003A6","","",NA,NA,NA,NA,NA,NA,NA,"Flag, Blue",NA,NA,NA,NA,NA,NA,NA,NA,1238.15060850245
"25",-59.805245,-1.423448,53.99079,"27/08/2022 13:19",NA,NA,"A004A1","","",NA,NA,NA,NA,NA,NA,NA,"Flag, Blue",NA,NA,NA,NA,NA,NA,NA,NA,478.185460554003
"26",-59.805234,-1.422987,52.35695,"27/08/2022 13:24",NA,NA,"A004A2","","",NA,NA,NA,NA,NA,NA,NA,"Flag, Blue",NA,NA,NA,NA,NA,NA,NA,NA,442.714975264074
"27",-59.80521,-1.422506,52.28354,"27/08/2022 13:28",NA,NA,"A004A3","","",NA,NA,NA,NA,NA,NA,NA,"Flag, Blue",NA,NA,NA,NA,NA,NA,NA,NA,406.798794558172
"28",-59.805199,-1.422036,52.06709,"27/08/2022 13:31",NA,NA,"A004A4","","",NA,NA,NA,NA,NA,NA,NA,"Flag, Blue",NA,NA,NA,NA,NA,NA,NA,NA,373.800492454887
"29",-59.805197,-1.421581,52.52742,"27/08/2022 13:35",NA,NA,"A004A5","","",NA,NA,NA,NA,NA,NA,NA,"Flag, Blue",NA,NA,NA,NA,NA,NA,NA,NA,345.497973590216
"30",-59.80514,-1.421122,52.42868,"27/08/2022 13:40",NA,NA,"A004A6","","",NA,NA,NA,NA,NA,NA,NA,"Flag, Blue",NA,NA,NA,NA,NA,NA,NA,NA,328.057807302316
"31",-59.575995,-1.852699,48.91878,"28/09/2022 14:21",NA,NA,"A005A1","","",NA,NA,NA,NA,NA,NA,NA,"Flag, Blue",NA,NA,NA,NA,NA,NA,NA,NA,774.370246076473
"32",-59.57609,-1.852259,48.95907,"28/09/2022 14:26",NA,NA,"A005A2","","",NA,NA,NA,NA,NA,NA,NA,"Flag, Blue",NA,NA,NA,NA,NA,NA,NA,NA,801.431752558027
"33",-59.57615,-1.851882,48.9188,"28/09/2022 14:31",NA,NA,"A005A3","","",NA,NA,NA,NA,NA,NA,NA,"Flag, Blue",NA,NA,NA,NA,NA,NA,NA,NA,826.399999867922
"34",-59.576187,-1.851518,50.03672,"28/09/2022 14:35",NA,NA,"A005A4","","",NA,NA,NA,NA,NA,NA,NA,"Flag, Blue",NA,NA,NA,NA,NA,NA,NA,NA,852.070413125378
"35",-59.576133,-1.851082,50.11405,"28/09/2022 14:40",NA,NA,"A005A5","","",NA,NA,NA,NA,NA,NA,NA,"Flag, Blue",NA,NA,NA,NA,NA,NA,NA,NA,890.351693522592
"36",-59.576207,-1.850657,49.41221,"28/09/2022 14:45",NA,NA,"A005A6","","",NA,NA,NA,NA,NA,NA,NA,"Flag, Blue",NA,NA,NA,NA,NA,NA,NA,NA,918.870535878725
"37",-59.686631,-1.700432,45.57673,"14/09/2022 12:26",NA,NA,"A006A1","","",NA,NA,NA,NA,NA,NA,NA,"Flag, Blue",NA,NA,NA,NA,NA,NA,NA,NA,189.954740435635
"38",-59.686669,-1.700011,46.13116,"14/09/2022 12:30",NA,NA,"A006A2","","",NA,NA,NA,NA,NA,NA,NA,"Flag, Blue",NA,NA,NA,NA,NA,NA,NA,NA,147.367965894014
"39",-59.686657,-1.699527,46.31727,"14/09/2022 12:34",NA,NA,"A006A3","","",NA,NA,NA,NA,NA,NA,NA,"Flag, Blue",NA,NA,NA,NA,NA,NA,NA,NA,107.591836372448
"40",-59.686529,-1.699038,46.23782,"14/09/2022 12:38",NA,NA,"A006A4","","",NA,NA,NA,NA,NA,NA,NA,"Flag, Blue",NA,NA,NA,NA,NA,NA,NA,NA,80.2624781070679
"41",-59.686361,-1.698531,45.97548,"14/09/2022 12:42",NA,NA,"A006A5","","",NA,NA,NA,NA,NA,NA,NA,"Flag, Blue",NA,NA,NA,NA,NA,NA,NA,NA,58.0273461714944
"42",-59.686335,-1.69803,46.81758,"14/09/2022 12:45",NA,NA,"A006A6","","",NA,NA,NA,NA,NA,NA,NA,"Flag, Blue",NA,NA,NA,NA,NA,NA,NA,NA,67.8459746365283
"43",-59.741311,-1.755394,58.25105,"18/09/2022 14:57",NA,NA,"A007A1","REAL","REAL",NA,NA,NA,NA,NA,NA,NA,"Flag, Blue",NA,NA,NA,NA,NA,NA,NA,NA,104.862085010479
"44",-59.741765,-1.75522,45.4733,"18/09/2022 15:01",NA,NA,"A007A2","","",NA,NA,NA,NA,NA,NA,NA,"Flag, Blue",NA,NA,NA,NA,NA,NA,NA,NA,144.985024304226
"45",-59.742214,-1.755099,46.2493,"18/09/2022 15:03",NA,NA,"A007A3","","",NA,NA,NA,NA,NA,NA,NA,"Flag, Blue",NA,NA,NA,NA,NA,NA,NA,NA,138.098210184182
"46",-59.742715,-1.754927,45.78826,"18/09/2022 15:06",NA,NA,"A007A4","","",NA,NA,NA,NA,NA,NA,NA,"Flag, Blue",NA,NA,NA,NA,NA,NA,NA,NA,81.3854971239685
"47",-59.743224,-1.754873,46.50165,"18/09/2022 15:09",NA,NA,"A007A5","","",NA,NA,NA,NA,NA,NA,NA,"Flag, Blue",NA,NA,NA,NA,NA,NA,NA,NA,26.0952070695736
"48",-59.743372,-1.754454,46.76162,"18/09/2022 15:14",NA,NA,"A007A6","","",NA,NA,NA,NA,NA,NA,NA,"Flag, Blue",NA,NA,NA,NA,NA,NA,NA,NA,35.6587092575307
"49",-59.596204,-1.816943,51.66957,"28/09/2022 15:51",NA,NA,"A008A1","","",NA,NA,NA,NA,NA,NA,NA,"Flag, Blue",NA,NA,NA,NA,NA,NA,NA,NA,605.610412997424
"50",-59.596656,-1.816903,50.54626,"28/09/2022 15:56",NA,NA,"A008A2","","",NA,NA,NA,NA,NA,NA,NA,"Flag, Blue",NA,NA,NA,NA,NA,NA,NA,NA,594.88217743241
"51",-59.597154,-1.816892,50.74204,"28/09/2022 15:59",NA,NA,"A008A3","","",NA,NA,NA,NA,NA,NA,NA,"Flag, Blue",NA,NA,NA,NA,NA,NA,NA,NA,591.531730747756
"52",-59.597624,-1.816893,49.97849,"28/09/2022 16:01",NA,NA,"A008A4","","",NA,NA,NA,NA,NA,NA,NA,"Flag, Blue",NA,NA,NA,NA,NA,NA,NA,NA,591.629389607032
"53",-59.598055,-1.81678,50.07984,"28/09/2022 16:04",NA,NA,"A008A5","","",NA,NA,NA,NA,NA,NA,NA,"Flag, Blue",NA,NA,NA,NA,NA,NA,NA,NA,580.881917479052
"54",-59.598406,-1.816882,50.02924,"28/09/2022 16:07",NA,NA,"A008A6","","",NA,NA,NA,NA,NA,NA,NA,"Flag, Blue",NA,NA,NA,NA,NA,NA,NA,NA,596.375202472565
"55",-59.60882,-1.75786,55.56969,"04/10/2022 16:10",NA,NA,"A010A1","","",NA,NA,NA,NA,NA,NA,NA,"Flag, Blue",NA,NA,NA,NA,NA,NA,NA,NA,3193.32378123381
"56",-59.609212,-1.758004,55.63233,"04/10/2022 16:13",NA,NA,"A010A2","","",NA,NA,NA,NA,NA,NA,NA,"Flag, Blue",NA,NA,NA,NA,NA,NA,NA,NA,3219.80859665524
"57",-59.609651,-1.757895,55.30947,"04/10/2022 16:17",NA,NA,"A010A3","","",NA,NA,NA,NA,NA,NA,NA,"Flag, Blue",NA,NA,NA,NA,NA,NA,NA,NA,3221.25669178986
"58",-59.610021,-1.757835,54.88539,"04/10/2022 16:20",NA,NA,"A010A4","","",NA,NA,NA,NA,NA,NA,NA,"Flag, Blue",NA,NA,NA,NA,NA,NA,NA,NA,3226.46178171095
"59",-59.61042,-1.757876,55.15533,"04/10/2022 16:22",NA,NA,"A010A5","","",NA,NA,NA,NA,NA,NA,NA,"Flag, Blue",NA,NA,NA,NA,NA,NA,NA,NA,3243.81841835427
"60",-59.610806,-1.758083,55.06403,"04/10/2022 16:25",NA,NA,"A010A6","","",NA,NA,NA,NA,NA,NA,NA,"Flag, Blue",NA,NA,NA,NA,NA,NA,NA,NA,3278.69371507664
"61",-59.778127,-1.409117,55.1951,"25/08/2022 19:05",NA,NA,"A011A1","","",NA,NA,NA,NA,NA,NA,NA,"Flag, Blue",NA,NA,NA,NA,NA,NA,NA,NA,723.809508604957
"62",-59.777584,-1.409015,55.01467,"25/08/2022 19:09",NA,NA,"A011A2","","",NA,NA,NA,NA,NA,NA,NA,"Flag, Blue",NA,NA,NA,NA,NA,NA,NA,NA,784.075152495804
"63",-59.777172,-1.409034,55.03944,"25/08/2022 19:14",NA,NA,"A011A3","","",NA,NA,NA,NA,NA,NA,NA,"Flag, Blue",NA,NA,NA,NA,NA,NA,NA,NA,797.400833687122
"64",-59.776555,-1.40905,53.03265,"25/08/2022 19:18",NA,NA,"A011A4","","",NA,NA,NA,NA,NA,NA,NA,"Flag, Blue",NA,NA,NA,NA,NA,NA,NA,NA,747.659058660135
"65",-59.776045,-1.409054,52.90111,"25/08/2022 19:22",NA,NA,"A011A5","","",NA,NA,NA,NA,NA,NA,NA,"Flag, Blue",NA,NA,NA,NA,NA,NA,NA,NA,707.791052673805
"66",-59.775626,-1.409202,53.28004,"25/08/2022 19:26",NA,NA,"A011A6","","",NA,NA,NA,NA,NA,NA,NA,"Flag, Blue",NA,NA,NA,NA,NA,NA,NA,NA,664.605676700566
"67",-59.468665,-1.72059,54.60218,"19/10/2022 16:34",NA,NA,"A012A1","","",NA,NA,NA,NA,NA,NA,NA,"Flag, Blue",NA,NA,NA,NA,NA,NA,NA,NA,272.672848004804
"68",-59.468768,-1.721069,54.10794,"19/10/2022 16:36",NA,NA,"A012A2","","",NA,NA,NA,NA,NA,NA,NA,"Flag, Blue",NA,NA,NA,NA,NA,NA,NA,NA,229.787546717107
"69",-59.468862,-1.721524,53.57377,"19/10/2022 16:41",NA,NA,"A012A3","","",NA,NA,NA,NA,NA,NA,NA,"Flag, Blue",NA,NA,NA,NA,NA,NA,NA,NA,194.081317722005
"70",-59.468713,-1.72202,54.37917,"19/10/2022 16:45",NA,NA,"A012A4","","",NA,NA,NA,NA,NA,NA,NA,"Flag, Blue",NA,NA,NA,NA,NA,NA,NA,NA,142.919252500543
"71",-59.468685,-1.722455,56.37725,"19/10/2022 16:48",NA,NA,"A012A5","","",NA,NA,NA,NA,NA,NA,NA,"Flag, Blue",NA,NA,NA,NA,NA,NA,NA,NA,106.348435640452
"72",-59.468747,-1.722918,58.30711,"19/10/2022 16:52",NA,NA,"A012A6","","",NA,NA,NA,NA,NA,NA,NA,"Flag, Blue",NA,NA,NA,NA,NA,NA,NA,NA,84.5280348722429
"73",-59.531481,-1.876417,52.24911,"04/10/2022 19:17",NA,NA,"A013A1","","",NA,NA,NA,NA,NA,NA,NA,"Flag, Blue",NA,NA,NA,NA,NA,NA,NA,NA,1430.92877276554
"74",-59.531603,-1.876901,51.91028,"04/10/2022 19:20",NA,NA,"A013A2","","",NA,NA,NA,NA,NA,NA,NA,"Flag, Blue",NA,NA,NA,NA,NA,NA,NA,NA,1399.73646927342
"75",-59.53156,-1.87732,51.84695,"04/10/2022 19:23",NA,NA,"A013A3","","",NA,NA,NA,NA,NA,NA,NA,"Flag, Blue",NA,NA,NA,NA,NA,NA,NA,NA,1389.72572302954
"76",-59.531537,-1.877673,50.68492,"04/10/2022 19:28",NA,NA,"A013A4","","",NA,NA,NA,NA,NA,NA,NA,"Flag, Blue",NA,NA,NA,NA,NA,NA,NA,NA,1381.03792650531
"77",-59.531655,-1.878166,51.0176,"04/10/2022 19:30",NA,NA,"A013A5","","",NA,NA,NA,NA,NA,NA,NA,"Flag, Blue",NA,NA,NA,NA,NA,NA,NA,NA,1354.45040544193
"78",-59.531739,-1.87856,51.63501,"04/10/2022 19:36",NA,NA,"A013A6","","",NA,NA,NA,NA,NA,NA,NA,"Flag, Blue",NA,NA,NA,NA,NA,NA,NA,NA,1335.6369748316
"79",-59.808486,-1.552635,58.08687,"01/09/2022 19:35",NA,NA,"A014A1","","",NA,NA,NA,NA,NA,NA,NA,"Flag, Blue",NA,NA,NA,NA,NA,NA,NA,NA,121.073534692596
"80",-59.808347,-1.553074,57.11895,"01/09/2022 19:44",NA,NA,"A014A2","","",NA,NA,NA,NA,NA,NA,NA,"Flag, Blue",NA,NA,NA,NA,NA,NA,NA,NA,112.764647868166
"81",-59.808183,-1.553394,56.92929,"01/09/2022 19:50",NA,NA,"A014A3","","",NA,NA,NA,NA,NA,NA,NA,"Flag, Blue",NA,NA,NA,NA,NA,NA,NA,NA,100.863480460741
"82",-59.808112,-1.553917,57.14927,"01/09/2022 19:54",NA,NA,"A014A4","","",NA,NA,NA,NA,NA,NA,NA,"Flag, Blue",NA,NA,NA,NA,NA,NA,NA,NA,91.4017211975379
"83",-59.80803,-1.554387,56.04601,"01/09/2022 19:57",NA,NA,"A014A5","","",NA,NA,NA,NA,NA,NA,NA,"Flag, Blue",NA,NA,NA,NA,NA,NA,NA,NA,106.833422587128
"84",-59.80792,-1.554861,55.7747,"01/09/2022 20:02",NA,NA,"A014A6","","",NA,NA,NA,NA,NA,NA,NA,"Flag, Blue",NA,NA,NA,NA,NA,NA,NA,NA,113.920238528499
"85",-59.912135,-1.443409,60.83272,"03/09/2022 20:50",NA,NA,"A015A1","","",NA,NA,NA,NA,NA,NA,NA,"Flag, Blue",NA,NA,NA,NA,NA,NA,NA,NA,66.3985418074069
"86",-59.911689,-1.443253,59.39588,"03/09/2022 20:54",NA,NA,"A015A2","","",NA,NA,NA,NA,NA,NA,NA,"Flag, Blue",NA,NA,NA,NA,NA,NA,NA,NA,80.1669880718659
"87",-59.911183,-1.443374,58.91623,"03/09/2022 20:57",NA,NA,"A015A3","","",NA,NA,NA,NA,NA,NA,NA,"Flag, Blue",NA,NA,NA,NA,NA,NA,NA,NA,100.523532383829
"88",-59.910762,-1.443559,57.58119,"03/09/2022 21:01",NA,NA,"A015A4","","",NA,NA,NA,NA,NA,NA,NA,"Flag, Blue",NA,NA,NA,NA,NA,NA,NA,NA,95.902074834775
"89",-59.910336,-1.443682,56.96993,"03/09/2022 21:05",NA,NA,"A015A5","","",NA,NA,NA,NA,NA,NA,NA,"Flag, Blue",NA,NA,NA,NA,NA,NA,NA,NA,48.3913814551375
"90",-59.633897,-1.681638,51.92968,"08/10/2022 14:17",NA,NA,"A017A1","","",NA,NA,NA,NA,NA,NA,NA,"Flag, Blue",NA,NA,NA,NA,NA,NA,NA,NA,270.323163395177
"91",-59.634083,-1.681197,52.01908,"08/10/2022 14:22",NA,NA,"A017A2","","",NA,NA,NA,NA,NA,NA,NA,"Flag, Blue",NA,NA,NA,NA,NA,NA,NA,NA,308.193847577463
"92",-59.633985,-1.680869,51.63012,"08/10/2022 14:27",NA,NA,"A017A3","","",NA,NA,NA,NA,NA,NA,NA,"Flag, Blue",NA,NA,NA,NA,NA,NA,NA,NA,294.738407913793
"93",-59.63399,-1.680431,51.90001,"08/10/2022 14:32",NA,NA,"A017A4","","",NA,NA,NA,NA,NA,NA,NA,"Flag, Blue",NA,NA,NA,NA,NA,NA,NA,NA,298.679971449589
"94",-59.633946,-1.679956,51.32468,"08/10/2022 14:38",NA,NA,"A017A5","","",NA,NA,NA,NA,NA,NA,NA,"Flag, Blue",NA,NA,NA,NA,NA,NA,NA,NA,306.309462308907
"95",-59.633849,-1.679557,52.58001,"08/10/2022 14:44",NA,NA,"A017A6","","",NA,NA,NA,NA,NA,NA,NA,"Flag, Blue",NA,NA,NA,NA,NA,NA,NA,NA,313.405942156325
"96",-59.676655,-1.614614,59.58561,"17/09/2022 18:21",NA,NA,"A018A1","","",NA,NA,NA,NA,NA,NA,NA,"Flag, Blue",NA,NA,NA,NA,NA,NA,NA,NA,1395.31110513221
"97",-59.676617,-1.614114,58.48769,"17/09/2022 18:23",NA,NA,"A018A2","","",NA,NA,NA,NA,NA,NA,NA,"Flag, Blue",NA,NA,NA,NA,NA,NA,NA,NA,1378.90875185899
"98",-59.676633,-1.613547,57.91635,"17/09/2022 18:27",NA,NA,"A018A3","","",NA,NA,NA,NA,NA,NA,NA,"Flag, Blue",NA,NA,NA,NA,NA,NA,NA,NA,1369.2931234405
"99",-59.676661,-1.613049,57.67555,"17/09/2022 18:30",NA,NA,"A018A4","","",NA,NA,NA,NA,NA,NA,NA,"Flag, Blue",NA,NA,NA,NA,NA,NA,NA,NA,1364.71505064011
"100",-59.676747,-1.612571,57.0892,"17/09/2022 18:34",NA,NA,"A018A5","","",NA,NA,NA,NA,NA,NA,NA,"Flag, Blue",NA,NA,NA,NA,NA,NA,NA,NA,1368.96589181876
"101",-59.676737,-1.61206,57.25056,"17/09/2022 18:37",NA,NA,"A018A6","","",NA,NA,NA,NA,NA,NA,NA,"Flag, Blue",NA,NA,NA,NA,NA,NA,NA,NA,1364.48233492147
"102",-59.551763,-1.598062,48.51896,"10/10/2022 15:02",NA,NA,"A019A1","DEITADA","DEITADA",NA,NA,NA,NA,NA,NA,NA,"Flag, Blue",NA,NA,NA,NA,NA,NA,NA,NA,9.24524988369423
"103",-59.551318,-1.598143,48.07992,"10/10/2022 15:08",NA,NA,"A019A2","","",NA,NA,NA,NA,NA,NA,NA,"Flag, Blue",NA,NA,NA,NA,NA,NA,NA,NA,25.4765188974353
"104",-59.550882,-1.598049,48.8253,"10/10/2022 15:11",NA,NA,"A019A3","","",NA,NA,NA,NA,NA,NA,NA,"Flag, Blue",NA,NA,NA,NA,NA,NA,NA,NA,58.3596322602402
"105",-59.550416,-1.598137,48.27254,"10/10/2022 15:20",NA,NA,"A019A4","DEITADA","DEITADA",NA,NA,NA,NA,NA,NA,NA,"Flag, Blue",NA,NA,NA,NA,NA,NA,NA,NA,87.9715883066659
"106",-59.549959,-1.598168,47.82981,"10/10/2022 15:23",NA,NA,"A019A5","","",NA,NA,NA,NA,NA,NA,NA,"Flag, Blue",NA,NA,NA,NA,NA,NA,NA,NA,129.880268840111
"107",-59.549491,-1.598233,47.96467,"10/10/2022 15:30",NA,NA,"A019A6","","",NA,NA,NA,NA,NA,NA,NA,"Flag, Blue",NA,NA,NA,NA,NA,NA,NA,NA,176.797140104278
"108",-59.756882,-1.546579,53.35945,"01/09/2022 18:46",NA,NA,"A020A1","","",NA,NA,NA,NA,NA,NA,NA,"Flag, Blue",NA,NA,NA,NA,NA,NA,NA,NA,505.523226239158
"109",-59.757518,-1.546455,54.32467,"01/09/2022 18:50",NA,NA,"A020A2","","",NA,NA,NA,NA,NA,NA,NA,"Flag, Blue",NA,NA,NA,NA,NA,NA,NA,NA,576.588726159035
"110",-59.757826,-1.54665,53.81432,"01/09/2022 18:54",NA,NA,"A020A3","","",NA,NA,NA,NA,NA,NA,NA,"Flag, Blue",NA,NA,NA,NA,NA,NA,NA,NA,606.794310947537
"111",-59.758286,-1.546727,53.43652,"01/09/2022 18:57",NA,NA,"A020A4","","",NA,NA,NA,NA,NA,NA,NA,"Flag, Blue",NA,NA,NA,NA,NA,NA,NA,NA,653.698066028998
"112",-59.758838,-1.546782,54.12438,"01/09/2022 19:01",NA,NA,"A020A5","","",NA,NA,NA,NA,NA,NA,NA,"Flag, Blue",NA,NA,NA,NA,NA,NA,NA,NA,711.827499102729
"113",-59.759281,-1.546843,55.55776,"01/09/2022 19:05",NA,NA,"A020A6","","",NA,NA,NA,NA,NA,NA,NA,"Flag, Blue",NA,NA,NA,NA,NA,NA,NA,NA,758.505869028199
"114",-59.419686,-1.582366,60.74745,"10/10/2022 19:15",NA,NA,"A021A1","","",NA,NA,NA,NA,NA,NA,NA,"Flag, Blue",NA,NA,NA,NA,NA,NA,NA,NA,86.6451086720222
"115",-59.419234,-1.582378,60.15704,"10/10/2022 19:19",NA,NA,"A021A2","","",NA,NA,NA,NA,NA,NA,NA,"Flag, Blue",NA,NA,NA,NA,NA,NA,NA,NA,70.0241356959569
"116",-59.418791,-1.582473,60.26195,"10/10/2022 19:22",NA,NA,"A021A3","NOT","NOT",NA,NA,NA,NA,NA,NA,NA,"Flag, Blue",NA,NA,NA,NA,NA,NA,NA,NA,62.921208593947
"117",-59.418346,-1.58254,59.75979,"10/10/2022 19:23",NA,NA,"A021A4","","",NA,NA,NA,NA,NA,NA,NA,"Flag, Blue",NA,NA,NA,NA,NA,NA,NA,NA,82.507211865939
"118",-59.417901,-1.582429,58.94189,"10/10/2022 19:26",NA,NA,"A021A5","","",NA,NA,NA,NA,NA,NA,NA,"Flag, Blue",NA,NA,NA,NA,NA,NA,NA,NA,94.1769648100589
"119",-59.417434,-1.58245,58.48789,"10/10/2022 19:27",NA,NA,"A021A6","","",NA,NA,NA,NA,NA,NA,NA,"Flag, Blue",NA,NA,NA,NA,NA,NA,NA,NA,75.6879707590645
"120",-59.5805,-1.747582,52.10525,"04/10/2022 15:31",NA,NA,"A022A1","","",NA,NA,NA,NA,NA,NA,NA,"Flag, Blue",NA,NA,NA,NA,NA,NA,NA,NA,2116.68859667399
"121",-59.580455,-1.747123,52.51206,"04/10/2022 15:33",NA,NA,"A022A2","","",NA,NA,NA,NA,NA,NA,NA,"Flag, Blue",NA,NA,NA,NA,NA,NA,NA,NA,2108.24777306044
"122",-59.580472,-1.746717,52.83935,"04/10/2022 15:39",NA,NA,"A022A3","","",NA,NA,NA,NA,NA,NA,NA,"Flag, Blue",NA,NA,NA,NA,NA,NA,NA,NA,2108.1016762073
"123",-59.580517,-1.746276,53.4949,"04/10/2022 15:41",NA,NA,"A022A4","","",NA,NA,NA,NA,NA,NA,NA,"Flag, Blue",NA,NA,NA,NA,NA,NA,NA,NA,2092.25454803767
"124",-59.580594,-1.74575,53.33829,"04/10/2022 15:45",NA,NA,"A022A5","","",NA,NA,NA,NA,NA,NA,NA,"Flag, Blue",NA,NA,NA,NA,NA,NA,NA,NA,2039.69943826894
"125",-59.580632,-1.74531,53.70826,"04/10/2022 15:47",NA,NA,"A022A6","","",NA,NA,NA,NA,NA,NA,NA,"Flag, Blue",NA,NA,NA,NA,NA,NA,NA,NA,1995.03697085809
"126",-59.400884,-1.856191,50.30213,"17/10/2022 20:06",NA,NA,"A023A1","","",NA,NA,NA,NA,NA,NA,NA,"Flag, Blue",NA,NA,NA,NA,NA,NA,NA,NA,327.182596862609
"127",-59.401112,-1.856574,49.62733,"17/10/2022 20:10",NA,NA,"A023A2","","",NA,NA,NA,NA,NA,NA,NA,"Flag, Blue",NA,NA,NA,NA,NA,NA,NA,NA,280.412213437339
"128",-59.400942,-1.857014,49.6065,"17/10/2022 20:13",NA,NA,"A023A3","","",NA,NA,NA,NA,NA,NA,NA,"Flag, Blue",NA,NA,NA,NA,NA,NA,NA,NA,269.249457324116
"129",-59.400866,-1.857421,48.62625,"17/10/2022 20:20",NA,NA,"A023A4","","",NA,NA,NA,NA,NA,NA,NA,"Flag, Blue",NA,NA,NA,NA,NA,NA,NA,NA,252.938433086487
"130",-59.400806,-1.857713,48.63686,"17/10/2022 20:23",NA,NA,"A023A5","","",NA,NA,NA,NA,NA,NA,NA,"Flag, Blue",NA,NA,NA,NA,NA,NA,NA,NA,237.609279929742
"131",-59.40071,-1.858132,47.88588,"17/10/2022 20:24",NA,NA,"A023A6","","",NA,NA,NA,NA,NA,NA,NA,"Flag, Blue",NA,NA,NA,NA,NA,NA,NA,NA,212.372415613543
"132",-59.673951,-1.763805,49.63714,"25/09/2022 19:22",NA,NA,"A024A1","","",NA,NA,NA,NA,NA,NA,NA,"Flag, Blue",NA,NA,NA,NA,NA,NA,NA,NA,317.739099357061
"133",-59.673489,-1.763816,50.29602,"25/09/2022 19:26",NA,NA,"A024A2","","",NA,NA,NA,NA,NA,NA,NA,"Flag, Blue",NA,NA,NA,NA,NA,NA,NA,NA,352.853388768892
"134",-59.673085,-1.763737,49.11484,"25/09/2022 19:30",NA,NA,"A024A3","","",NA,NA,NA,NA,NA,NA,NA,"Flag, Blue",NA,NA,NA,NA,NA,NA,NA,NA,369.219917902141
"135",-59.672624,-1.763592,49.88684,"25/09/2022 19:33",NA,NA,"A024A4","","",NA,NA,NA,NA,NA,NA,NA,"Flag, Blue",NA,NA,NA,NA,NA,NA,NA,NA,388.990764757238
"136",-59.672264,-1.763445,50.1854,"25/09/2022 19:38",NA,NA,"A024A5","","",NA,NA,NA,NA,NA,NA,NA,"Flag, Blue",NA,NA,NA,NA,NA,NA,NA,NA,412.336099521951
"137",-59.671825,-1.763328,51.41895,"25/09/2022 19:42",NA,NA,"A024A6","","",NA,NA,NA,NA,NA,NA,NA,"Flag, Blue",NA,NA,NA,NA,NA,NA,NA,NA,438.335014799425
"138",-59.446662,-1.71304,58.26085,"19/10/2022 15:58",NA,NA,"A026A1","","",NA,NA,NA,NA,NA,NA,NA,"Flag, Blue",NA,NA,NA,NA,NA,NA,NA,NA,17.0713541247959
"139",-59.447129,-1.713071,58.48018,"19/10/2022 16:00",NA,NA,"A026A2","","",NA,NA,NA,NA,NA,NA,NA,"Flag, Blue",NA,NA,NA,NA,NA,NA,NA,NA,43.8646881777509
"140",-59.447565,-1.713133,58.21815,"19/10/2022 16:03",NA,NA,"A026A3","","",NA,NA,NA,NA,NA,NA,NA,"Flag, Blue",NA,NA,NA,NA,NA,NA,NA,NA,71.5936348636666
"141",-59.447996,-1.713118,54.82877,"19/10/2022 16:07",NA,NA,"A026A4","","",NA,NA,NA,NA,NA,NA,NA,"Flag, Blue",NA,NA,NA,NA,NA,NA,NA,NA,76.9480787453663
"142",-59.448445,-1.713119,49.73356,"19/10/2022 16:13",NA,NA,"A026A5","","",NA,NA,NA,NA,NA,NA,NA,"Flag, Blue",NA,NA,NA,NA,NA,NA,NA,NA,54.6096553887889
"143",-59.44891,-1.713091,49.47382,"19/10/2022 16:15",NA,NA,"A026A6","","",NA,NA,NA,NA,NA,NA,NA,"Flag, Blue",NA,NA,NA,NA,NA,NA,NA,NA,20.4217982930927
"144",-59.815926,-1.619263,44.76986,"29/08/2022 19:58",NA,NA,"A027A1","","",NA,NA,NA,NA,NA,NA,NA,"Flag, Blue",NA,NA,NA,NA,NA,NA,NA,NA,80.2269138611025
"145",-59.815451,-1.619571,44.57121,"29/08/2022 19:59",NA,NA,"A027A2","","",NA,NA,NA,NA,NA,NA,NA,"Flag, Blue",NA,NA,NA,NA,NA,NA,NA,NA,111.789775835072
"146",-59.814887,-1.61974,43.60304,"29/08/2022 20:05",NA,NA,"A027A3","","",NA,NA,NA,NA,NA,NA,NA,"Flag, Blue",NA,NA,NA,NA,NA,NA,NA,NA,154.693324144173
"147",-59.81449,-1.619983,43.39475,"29/08/2022 20:13",NA,NA,"A027A4","","",NA,NA,NA,NA,NA,NA,NA,"Flag, Blue",NA,NA,NA,NA,NA,NA,NA,NA,138.629351778402
"148",-59.814147,-1.619738,43.2254,"29/08/2022 20:17",NA,NA,"A027A5","","",NA,NA,NA,NA,NA,NA,NA,"Flag, Blue",NA,NA,NA,NA,NA,NA,NA,NA,102.613083124399
"149",-59.582751,-1.573377,48.80581,"10/10/2022 14:20",NA,NA,"A030A1","","",NA,NA,NA,NA,NA,NA,NA,"Flag, Blue",NA,NA,NA,NA,NA,NA,NA,NA,11.3161151158528
"150",-59.583195,-1.573437,48.82764,"10/10/2022 14:25",NA,NA,"A030A2","","",NA,NA,NA,NA,NA,NA,NA,"Flag, Blue",NA,NA,NA,NA,NA,NA,NA,NA,43.2773629334958
"151",-59.583644,-1.573382,48.83753,"10/10/2022 14:29",NA,NA,"A030A3","NOT","NOT",NA,NA,NA,NA,NA,NA,NA,"Flag, Blue",NA,NA,NA,NA,NA,NA,NA,NA,90.9984062084628
"152",-59.584065,-1.573271,48.18396,"10/10/2022 14:35",NA,NA,"A030A4","","",NA,NA,NA,NA,NA,NA,NA,"Flag, Blue",NA,NA,NA,NA,NA,NA,NA,NA,121.12319159401
"153",-59.584513,-1.573327,48.70471,"10/10/2022 14:37",NA,NA,"A030A5","","",NA,NA,NA,NA,NA,NA,NA,"Flag, Blue",NA,NA,NA,NA,NA,NA,NA,NA,126.244207371494
"154",-59.584959,-1.573366,48.66306,"10/10/2022 14:41",NA,NA,"A030A6","","",NA,NA,NA,NA,NA,NA,NA,"Flag, Blue",NA,NA,NA,NA,NA,NA,NA,NA,82.3047021888888
"155",-59.551446,-1.712116,54.51033,"08/10/2022 17:10",NA,NA,"A032A1","","",NA,NA,NA,NA,NA,NA,NA,"Flag, Blue",NA,NA,NA,NA,NA,NA,NA,NA,56.3620073458608
"156",-59.551762,-1.712006,52.5666,"08/10/2022 17:14",NA,NA,"A032A2","","",NA,NA,NA,NA,NA,NA,NA,"Flag, Blue",NA,NA,NA,NA,NA,NA,NA,NA,71.5122839120584
"157",-59.55225,-1.711992,52.6604,"08/10/2022 17:17",NA,NA,"A032A3","","",NA,NA,NA,NA,NA,NA,NA,"Flag, Blue",NA,NA,NA,NA,NA,NA,NA,NA,75.9746180400384
"158",-59.55259,-1.7122,52.35928,"08/10/2022 17:20",NA,NA,"A032A4","","",NA,NA,NA,NA,NA,NA,NA,"Flag, Blue",NA,NA,NA,NA,NA,NA,NA,NA,54.5224281459284
"159",-59.553076,-1.712328,51.36657,"08/10/2022 17:23",NA,NA,"A032A5","","",NA,NA,NA,NA,NA,NA,NA,"Flag, Blue",NA,NA,NA,NA,NA,NA,NA,NA,27.9682328622008
"160",-59.553608,-1.712335,51.73241,"08/10/2022 17:25",NA,NA,"A032A6","","",NA,NA,NA,NA,NA,NA,NA,"Flag, Blue",NA,NA,NA,NA,NA,NA,NA,NA,54.0126710702795
"161",-59.650576,-1.859967,58.09052,"24/09/2022 18:10",NA,NA,"A033A1","","",NA,NA,NA,NA,NA,NA,NA,"Flag, Blue",NA,NA,NA,NA,NA,NA,NA,NA,147.202888464577
"162",-59.650801,-1.859461,58.76574,"24/09/2022 18:11",NA,NA,"A033A2","","",NA,NA,NA,NA,NA,NA,NA,"Flag, Blue",NA,NA,NA,NA,NA,NA,NA,NA,145.153251359893
"163",-59.650749,-1.858898,59.11778,"24/09/2022 18:13",NA,NA,"A033A3","","",NA,NA,NA,NA,NA,NA,NA,"Flag, Blue",NA,NA,NA,NA,NA,NA,NA,NA,86.0603323906579
"164",-59.650694,-1.858386,59.41478,"24/09/2022 18:15",NA,NA,"A033A4","","",NA,NA,NA,NA,NA,NA,NA,"Flag, Blue",NA,NA,NA,NA,NA,NA,NA,NA,42.7585546268978
"165",-59.650495,-1.857948,59.39033,"24/09/2022 18:18",NA,NA,"A033A5","","",NA,NA,NA,NA,NA,NA,NA,"Flag, Blue",NA,NA,NA,NA,NA,NA,NA,NA,62.0732849090316
"166",-59.650329,-1.857504,59.99089,"24/09/2022 18:20",NA,NA,"A033A6","","",NA,NA,NA,NA,NA,NA,NA,"Flag, Blue",NA,NA,NA,NA,NA,NA,NA,NA,76.9059958089258
"167",-59.4474,-1.83791,50.91564,"19/10/2022 15:37",NA,NA,"A034A1","","",NA,NA,NA,NA,NA,NA,NA,"Flag, Blue",NA,NA,NA,NA,NA,NA,NA,NA,254.211797469545
"168",-59.447476,-1.837462,51.34087,"19/10/2022 15:39",NA,NA,"A034A2","","",NA,NA,NA,NA,NA,NA,NA,"Flag, Blue",NA,NA,NA,NA,NA,NA,NA,NA,264.958135877948
"169",-59.447413,-1.83702,51.46362,"19/10/2022 15:41",NA,NA,"A034A3","","",NA,NA,NA,NA,NA,NA,NA,"Flag, Blue",NA,NA,NA,NA,NA,NA,NA,NA,255.984700522771
"170",-59.4473,-1.836585,51.74064,"19/10/2022 15:42",NA,NA,"A034A4","","",NA,NA,NA,NA,NA,NA,NA,"Flag, Blue",NA,NA,NA,NA,NA,NA,NA,NA,249.709259171456
"171",-59.447337,-1.836154,52.17556,"19/10/2022 15:44",NA,NA,"A034A5","","",NA,NA,NA,NA,NA,NA,NA,"Flag, Blue",NA,NA,NA,NA,NA,NA,NA,NA,247.346718491264
"172",-59.447341,-1.835751,53.86333,"19/10/2022 15:50",NA,NA,"A034A6","","",NA,NA,NA,NA,NA,NA,NA,"Flag, Blue",NA,NA,NA,NA,NA,NA,NA,NA,247.655475801484
"173",-59.770909,-1.707823,49.15015,"17/09/2022 18:42",NA,NA,"A035A1","","",NA,NA,NA,NA,NA,NA,NA,"Flag, Blue",NA,NA,NA,NA,NA,NA,NA,NA,47.0916443999756
"174",-59.771353,-1.707691,49.54671,"17/09/2022 18:45",NA,NA,"A035A2","","",NA,NA,NA,NA,NA,NA,NA,"Flag, Blue",NA,NA,NA,NA,NA,NA,NA,NA,25.3357972625446
"175",-59.771769,-1.707576,48.82451,"17/09/2022 18:49",NA,NA,"A035A3","","",NA,NA,NA,NA,NA,NA,NA,"Flag, Blue",NA,NA,NA,NA,NA,NA,NA,NA,48.9343327201716
"176",-59.772242,-1.707616,48.5094,"17/09/2022 18:52",NA,NA,"A035A4","","",NA,NA,NA,NA,NA,NA,NA,"Flag, Blue",NA,NA,NA,NA,NA,NA,NA,NA,74.952351479524
"177",-59.772721,-1.707618,48.0612,"17/09/2022 18:57",NA,NA,"A035A5","","",NA,NA,NA,NA,NA,NA,NA,"Flag, Blue",NA,NA,NA,NA,NA,NA,NA,NA,102.243652410315
"178",-59.773179,-1.707428,48.14243,"17/09/2022 19:01",NA,NA,"A035A6","","",NA,NA,NA,NA,NA,NA,NA,"Flag, Blue",NA,NA,NA,NA,NA,NA,NA,NA,105.791324369405
"179",-59.698223,-1.820684,51.53303,"26/09/2022 19:40",NA,NA,"A036A1","","",NA,NA,NA,NA,NA,NA,NA,"Flag, Blue",NA,NA,NA,NA,NA,NA,NA,NA,101.785419611013
"180",-59.667729,-1.665082,49.15131,"17/09/2022 19:35",NA,NA,"A036A1","","",NA,NA,NA,NA,NA,NA,NA,"Flag, Blue",NA,NA,NA,NA,NA,NA,NA,NA,612.639626750061
"181",-59.66816,-1.664869,48.16053,"17/09/2022 19:40",NA,NA,"A036A2","","",NA,NA,NA,NA,NA,NA,NA,"Flag, Blue",NA,NA,NA,NA,NA,NA,NA,NA,626.161422159234
"182",-59.698054,-1.819868,52.57148,"26/09/2022 19:45",NA,NA,"A036A3","","",NA,NA,NA,NA,NA,NA,NA,"Flag, Blue",NA,NA,NA,NA,NA,NA,NA,NA,77.6870672410842
"183",-59.668564,-1.665123,48.96057,"17/09/2022 19:44",NA,NA,"A036A3","","",NA,NA,NA,NA,NA,NA,NA,"Flag, Blue",NA,NA,NA,NA,NA,NA,NA,NA,575.00976132861
"184",-59.697982,-1.819393,52.34853,"26/09/2022 19:48",NA,NA,"A036A4","","",NA,NA,NA,NA,NA,NA,NA,"Flag, Blue",NA,NA,NA,NA,NA,NA,NA,NA,85.0492690136572
"185",-59.669032,-1.665124,48.21296,"17/09/2022 19:47",NA,NA,"A036A4","","",NA,NA,NA,NA,NA,NA,NA,"Flag, Blue",NA,NA,NA,NA,NA,NA,NA,NA,541.373331130506
"186",-59.697953,-1.818937,51.29274,"26/09/2022 19:50",NA,NA,"A036A5","","",NA,NA,NA,NA,NA,NA,NA,"Flag, Blue",NA,NA,NA,NA,NA,NA,NA,NA,85.8775729977892
"187",-59.669444,-1.665104,48.50887,"17/09/2022 19:50",NA,NA,"A036A5","","",NA,NA,NA,NA,NA,NA,NA,"Flag, Blue",NA,NA,NA,NA,NA,NA,NA,NA,516.226780883378
"188",-59.69803,-1.818425,48.76197,"26/09/2022 19:53",NA,NA,"A036A6","","",NA,NA,NA,NA,NA,NA,NA,"Flag, Blue",NA,NA,NA,NA,NA,NA,NA,NA,105.387617763008
"189",-59.669853,-1.66514,48.5465,"17/09/2022 19:53",NA,NA,"A036A6","","",NA,NA,NA,NA,NA,NA,NA,"Flag, Blue",NA,NA,NA,NA,NA,NA,NA,NA,488.848714482728
"190",-59.474622,-1.837881,47.80953,"20/10/2022 19:57",NA,NA,"A037A1","","",NA,NA,NA,NA,NA,NA,NA,"Flag, Blue",NA,NA,NA,NA,NA,NA,NA,NA,192.191111428076
"191",-59.474517,-1.83833,47.85394,"20/10/2022 20:08",NA,NA,"A037A2","","",NA,NA,NA,NA,NA,NA,NA,"Flag, Blue",NA,NA,NA,NA,NA,NA,NA,NA,148.502429800523
"192",-59.474402,-1.838667,47.66653,"20/10/2022 20:11",NA,NA,"A037A3","","",NA,NA,NA,NA,NA,NA,NA,"Flag, Blue",NA,NA,NA,NA,NA,NA,NA,NA,121.841818911278
"193",-59.474286,-1.839065,48.31818,"20/10/2022 20:16",NA,NA,"A037A4","","",NA,NA,NA,NA,NA,NA,NA,"Flag, Blue",NA,NA,NA,NA,NA,NA,NA,NA,99.8101045576887
"194",-59.474165,-1.839476,47.99707,"20/10/2022 20:19",NA,NA,"A037A5","","",NA,NA,NA,NA,NA,NA,NA,"Flag, Blue",NA,NA,NA,NA,NA,NA,NA,NA,96.747990986664
"195",-59.474239,-1.839892,47.6975,"20/10/2022 20:20",NA,NA,"A037A6","","",NA,NA,NA,NA,NA,NA,NA,"Flag, Blue",NA,NA,NA,NA,NA,NA,NA,NA,94.8859713118065
"196",-59.698178,-1.820304,51.71766,"26/09/2022 19:42",NA,NA,"A038A2","","",NA,NA,NA,NA,NA,NA,NA,"Flag, Blue",NA,NA,NA,NA,NA,NA,NA,NA,90.4670563687558
"197",-59.61639,-1.783571,55.10598,"04/10/2022 18:10",NA,NA,"A040A1","","",NA,NA,NA,NA,NA,NA,NA,"Flag, Blue",NA,NA,NA,NA,NA,NA,NA,NA,810.890843533718
"198",-59.615962,-1.783369,54.84831,"04/10/2022 18:13",NA,NA,"A040A2","","",NA,NA,NA,NA,NA,NA,NA,"Flag, Blue",NA,NA,NA,NA,NA,NA,NA,NA,861.64447220219
"199",-59.61547,-1.783392,54.62852,"04/10/2022 18:15",NA,NA,"A040A3","","",NA,NA,NA,NA,NA,NA,NA,"Flag, Blue",NA,NA,NA,NA,NA,NA,NA,NA,902.779054469639
"200",-59.615017,-1.783347,54.47769,"04/10/2022 18:19",NA,NA,"A040A4","","",NA,NA,NA,NA,NA,NA,NA,"Flag, Blue",NA,NA,NA,NA,NA,NA,NA,NA,946.158297035258
"201",-59.614559,-1.783319,54.60693,"04/10/2022 18:22",NA,NA,"A040A5","","",NA,NA,NA,NA,NA,NA,NA,"Flag, Blue",NA,NA,NA,NA,NA,NA,NA,NA,989.625628993084
"202",-59.614093,-1.783313,54.82236,"04/10/2022 18:25",NA,NA,"A040A6","","",NA,NA,NA,NA,NA,NA,NA,"Flag, Blue",NA,NA,NA,NA,NA,NA,NA,NA,1033.21693975703
"203",-59.636226,-1.697767,51.04668,"08/10/2022 13:45",NA,NA,"A041A1","","",NA,NA,NA,NA,NA,NA,NA,"Flag, Blue",NA,NA,NA,NA,NA,NA,NA,NA,1019.44727799185
"204",-59.635756,-1.697755,51.82129,"08/10/2022 13:53",NA,NA,"A041A2","","",NA,NA,NA,NA,NA,NA,NA,"Flag, Blue",NA,NA,NA,NA,NA,NA,NA,NA,972.475482165683
"205",-59.635289,-1.697735,51.1069,"08/10/2022 13:58",NA,NA,"A041A3","","",NA,NA,NA,NA,NA,NA,NA,"Flag, Blue",NA,NA,NA,NA,NA,NA,NA,NA,924.648723884388
"206",-59.634912,-1.697769,50.9558,"08/10/2022 14:01",NA,NA,"A041A4","","",NA,NA,NA,NA,NA,NA,NA,"Flag, Blue",NA,NA,NA,NA,NA,NA,NA,NA,888.939271345995
"207",-59.634445,-1.69775,51.31914,"08/10/2022 14:04",NA,NA,"A041A5","","",NA,NA,NA,NA,NA,NA,NA,"Flag, Blue",NA,NA,NA,NA,NA,NA,NA,NA,842.213515846749
"208",-59.633987,-1.697751,51.30844,"08/10/2022 14:07",NA,NA,"A041A6","","",NA,NA,NA,NA,NA,NA,NA,"Flag, Blue",NA,NA,NA,NA,NA,NA,NA,NA,798.1369309798
"209",-59.65461,-1.747722,42.48951,"26/09/2022 14:00",NA,NA,"A042A1","","",NA,NA,NA,NA,NA,NA,NA,"Flag, Blue",NA,NA,NA,NA,NA,NA,NA,NA,86.0769655744334
"210",-59.654147,-1.747701,42.39032,"26/09/2022 14:01",NA,NA,"A042A2","","",NA,NA,NA,NA,NA,NA,NA,"Flag, Blue",NA,NA,NA,NA,NA,NA,NA,NA,111.511498994585
"211",-59.653731,-1.747503,43.88947,"26/09/2022 14:05",NA,NA,"A042A3","","",NA,NA,NA,NA,NA,NA,NA,"Flag, Blue",NA,NA,NA,NA,NA,NA,NA,NA,159.303899445505
"212",-59.653238,-1.747643,45.14013,"26/09/2022 14:09",NA,NA,"A042A4","","",NA,NA,NA,NA,NA,NA,NA,"Flag, Blue",NA,NA,NA,NA,NA,NA,NA,NA,195.226523178231
"213",-59.652769,-1.747513,45.85329,"26/09/2022 14:13",NA,NA,"A042A5","","",NA,NA,NA,NA,NA,NA,NA,"Flag, Blue",NA,NA,NA,NA,NA,NA,NA,NA,248.277960518496
"214",-59.652222,-1.747535,47.11718,"26/09/2022 14:16",NA,NA,"A042A6","","",NA,NA,NA,NA,NA,NA,NA,"Flag, Blue",NA,NA,NA,NA,NA,NA,NA,NA,303.206168369928
"215",-59.655521,-1.794264,56.48307,"25/09/2022 18:59",NA,NA,"A043A1","","",NA,NA,NA,NA,NA,NA,NA,"Flag, Blue",NA,NA,NA,NA,NA,NA,NA,NA,95.4404157397154
"216",-59.655529,-1.793778,56.20354,"25/09/2022 19:05",NA,NA,"A043A2","","",NA,NA,NA,NA,NA,NA,NA,"Flag, Blue",NA,NA,NA,NA,NA,NA,NA,NA,148.36915382716
"217",-59.655681,-1.793368,56.56543,"25/09/2022 19:08",NA,NA,"A043A3","","",NA,NA,NA,NA,NA,NA,NA,"Flag, Blue",NA,NA,NA,NA,NA,NA,NA,NA,196.022877382742
"218",-59.655449,-1.792947,55.76158,"25/09/2022 19:11",NA,NA,"A043A4","","",NA,NA,NA,NA,NA,NA,NA,"Flag, Blue",NA,NA,NA,NA,NA,NA,NA,NA,238.870390257652
"219",-59.655469,-1.792534,55.0052,"25/09/2022 19:14",NA,NA,"A043A5","","",NA,NA,NA,NA,NA,NA,NA,"Flag, Blue",NA,NA,NA,NA,NA,NA,NA,NA,237.950394661236
"220",-59.65559,-1.792079,55.74126,"25/09/2022 19:17",NA,NA,"A043A6","","",NA,NA,NA,NA,NA,NA,NA,"Flag, Blue",NA,NA,NA,NA,NA,NA,NA,NA,240.901165391028
"221",-59.839835,-1.534838,54.5467,"31/08/2022 20:46",NA,NA,"A044A1","","",NA,NA,NA,NA,NA,NA,NA,"Flag, Blue",NA,NA,NA,NA,NA,NA,NA,NA,537.317754939916
"222",-59.839288,-1.534672,54.07772,"31/08/2022 20:50",NA,NA,"A044A2","","",NA,NA,NA,NA,NA,NA,NA,"Flag, Blue",NA,NA,NA,NA,NA,NA,NA,NA,507.581047410773
"223",-59.838549,-1.534803,53.87899,"31/08/2022 20:54",NA,NA,"A044A3","","",NA,NA,NA,NA,NA,NA,NA,"Flag, Blue",NA,NA,NA,NA,NA,NA,NA,NA,439.566256020984
"224",-59.83805,-1.534631,53.45428,"31/08/2022 20:59",NA,NA,"A044A4","","",NA,NA,NA,NA,NA,NA,NA,"Flag, Blue",NA,NA,NA,NA,NA,NA,NA,NA,414.534998972694
"225",-59.837608,-1.534441,53.44774,"31/08/2022 21:02",NA,NA,"A044A5","","",NA,NA,NA,NA,NA,NA,NA,"Flag, Blue",NA,NA,NA,NA,NA,NA,NA,NA,401.497778627257
"226",-59.837146,-1.534319,53.48254,"31/08/2022 21:04",NA,NA,"A044A6","","",NA,NA,NA,NA,NA,NA,NA,"Flag, Blue",NA,NA,NA,NA,NA,NA,NA,NA,387.592824352497
"227",-59.624495,-1.500223,64.53797,"14/09/2022 16:41",NA,NA,"A045A1","","",NA,NA,NA,NA,NA,NA,NA,"Flag, Blue",NA,NA,NA,NA,NA,NA,NA,NA,47.9451166599452
"228",-59.624984,-1.500182,62.67126,"14/09/2022 16:45",NA,NA,"A045A2","OUT","OUT",NA,NA,NA,NA,NA,NA,NA,"Flag, Blue",NA,NA,NA,NA,NA,NA,NA,NA,23.2432037988101
"229",-59.625439,-1.500267,60.42999,"14/09/2022 16:48",NA,NA,"A045A3","OUT","OUT",NA,NA,NA,NA,NA,NA,NA,"Flag, Blue",NA,NA,NA,NA,NA,NA,NA,NA,67.4667762231023
"230",-59.626066,-1.500281,60.54062,"14/09/2022 16:52",NA,NA,"A045A4","OUT","OUT",NA,NA,NA,NA,NA,NA,NA,"Flag, Blue",NA,NA,NA,NA,NA,NA,NA,NA,106.660182491978
"231",-59.626572,-1.500281,59.66004,"14/09/2022 16:57",NA,NA,"A045A5","OUT","OUT",NA,NA,NA,NA,NA,NA,NA,"Flag, Blue",NA,NA,NA,NA,NA,NA,NA,NA,50.3530801922346
"232",-59.627148,-1.500346,59.28004,"14/09/2022 17:01",NA,NA,"A045A6","","",NA,NA,NA,NA,NA,NA,NA,"Flag, Blue",NA,NA,NA,NA,NA,NA,NA,NA,15.757438125301
"233",-59.760785,-1.566148,49.8501,"31/08/2022 14:41",NA,NA,"A047A1","","",NA,NA,NA,NA,NA,NA,NA,"Flag, Blue",NA,NA,NA,NA,NA,NA,NA,NA,509.986150215785
"234",-59.760295,-1.56623,50.51585,"31/08/2022 14:48",NA,NA,"A047A2","","",NA,NA,NA,NA,NA,NA,NA,"Flag, Blue",NA,NA,NA,NA,NA,NA,NA,NA,565.227437340736
"235",-59.759697,-1.56626,50.31076,"31/08/2022 14:53",NA,NA,"A047A3","","",NA,NA,NA,NA,NA,NA,NA,"Flag, Blue",NA,NA,NA,NA,NA,NA,NA,NA,631.200969332754
"236",-59.759142,-1.566286,49.93238,"31/08/2022 14:57",NA,NA,"A047A4","","",NA,NA,NA,NA,NA,NA,NA,"Flag, Blue",NA,NA,NA,NA,NA,NA,NA,NA,627.657404135366
"237",-59.758651,-1.566515,50.81252,"31/08/2022 15:00",NA,NA,"A047A5","","",NA,NA,NA,NA,NA,NA,NA,"Flag, Blue",NA,NA,NA,NA,NA,NA,NA,NA,602.425458917407
"238",-59.758208,-1.566538,50.61709,"31/08/2022 15:04",NA,NA,"A047A6","","",NA,NA,NA,NA,NA,NA,NA,"Flag, Blue",NA,NA,NA,NA,NA,NA,NA,NA,600.872405507423
"239",-59.685721,-1.589569,56.09222,"14/09/2022 19:31",NA,NA,"A048A1","","",NA,NA,NA,NA,NA,NA,NA,"Flag, Blue",NA,NA,NA,NA,NA,NA,NA,NA,1555.97841225678
"240",-59.685666,-1.590024,58.3461,"14/09/2022 18:48",NA,NA,"A048A2","","",NA,NA,NA,NA,NA,NA,NA,"Flag, Blue",NA,NA,NA,NA,NA,NA,NA,NA,1602.9652251129
"241",-59.685697,-1.59052,57.2282,"14/09/2022 18:52",NA,NA,"A048A3","OUT","OUT",NA,NA,NA,NA,NA,NA,NA,"Flag, Blue",NA,NA,NA,NA,NA,NA,NA,NA,1617.2856131693
"242",-59.685604,-1.59108,56.77982,"14/09/2022 19:32",NA,NA,"A048A4","","",NA,NA,NA,NA,NA,NA,NA,"Flag, Blue",NA,NA,NA,NA,NA,NA,NA,NA,1613.74083482368
"243",-59.685573,-1.591504,54.83612,"14/09/2022 19:39",NA,NA,"A048A5","","",NA,NA,NA,NA,NA,NA,NA,"Flag, Blue",NA,NA,NA,NA,NA,NA,NA,NA,1617.00977987476
"244",-59.685328,-1.59198,54.73175,"14/09/2022 19:40",NA,NA,"A048A6","","",NA,NA,NA,NA,NA,NA,NA,"Flag, Blue",NA,NA,NA,NA,NA,NA,NA,NA,1599.33241523641
"245",-59.690318,-1.64975,50.15763,"15/09/2022 14:29",NA,NA,"A049A1","","",NA,NA,NA,NA,NA,NA,NA,"Flag, Blue",NA,NA,NA,NA,NA,NA,NA,NA,655.868125697616
"246",-59.690156,-1.64931,49.75391,"15/09/2022 14:33",NA,NA,"A049A2","","",NA,NA,NA,NA,NA,NA,NA,"Flag, Blue",NA,NA,NA,NA,NA,NA,NA,NA,627.271572206024
"247",-59.690249,-1.64874,50.38815,"15/09/2022 14:37",NA,NA,"A049A3","","",NA,NA,NA,NA,NA,NA,NA,"Flag, Blue",NA,NA,NA,NA,NA,NA,NA,NA,565.157380070911
"248",-59.690235,-1.648305,49.91758,"15/09/2022 14:41",NA,NA,"A049A4","","",NA,NA,NA,NA,NA,NA,NA,"Flag, Blue",NA,NA,NA,NA,NA,NA,NA,NA,517.105379441976
"249",-59.690143,-1.647857,50.631,"15/09/2022 14:44",NA,NA,"A049A5","","",NA,NA,NA,NA,NA,NA,NA,"Flag, Blue",NA,NA,NA,NA,NA,NA,NA,NA,466.88254061159
"250",-59.689937,-1.647444,51.11379,"15/09/2022 14:46",NA,NA,"A049A6","","",NA,NA,NA,NA,NA,NA,NA,"Flag, Blue",NA,NA,NA,NA,NA,NA,NA,NA,420.014331611342
"251",-59.455198,-1.877342,48.23534,"17/10/2022 20:51",NA,NA,"A050A1","","",NA,NA,NA,NA,NA,NA,NA,"Flag, Blue",NA,NA,NA,NA,NA,NA,NA,NA,909.311414215792
"252",-59.455716,-1.877217,48.89521,"17/10/2022 20:55",NA,NA,"A050A2","","",NA,NA,NA,NA,NA,NA,NA,"Flag, Blue",NA,NA,NA,NA,NA,NA,NA,NA,946.674588190564
"253",-59.456151,-1.877102,48.88886,"17/10/2022 20:59",NA,NA,"A050A3","","",NA,NA,NA,NA,NA,NA,NA,"Flag, Blue",NA,NA,NA,NA,NA,NA,NA,NA,980.689324447222
"254",-59.456602,-1.877037,48.84695,"17/10/2022 21:03",NA,NA,"A050A4","","",NA,NA,NA,NA,NA,NA,NA,"Flag, Blue",NA,NA,NA,NA,NA,NA,NA,NA,1012.23464187244
"255",-59.457046,-1.877042,48.98947,"17/10/2022 21:06",NA,NA,"A050A5","","",NA,NA,NA,NA,NA,NA,NA,"Flag, Blue",NA,NA,NA,NA,NA,NA,NA,NA,1038.41598196765
"256",-59.45748,-1.876985,49.30899,"17/10/2022 21:10",NA,NA,"A050A6","","",NA,NA,NA,NA,NA,NA,NA,"Flag, Blue",NA,NA,NA,NA,NA,NA,NA,NA,1071.14586599769
"257",-59.366231,-1.792971,55.75273,"17/10/2022 17:57",NA,NA,"A051A1","","",NA,NA,NA,NA,NA,NA,NA,"Flag, Blue",NA,NA,NA,NA,NA,NA,NA,NA,376.2869334814
"258",-59.36598,-1.793305,54.97266,"17/10/2022 18:00",NA,NA,"A051A2","","",NA,NA,NA,NA,NA,NA,NA,"Flag, Blue",NA,NA,NA,NA,NA,NA,NA,NA,422.292781151774
"259",-59.366211,-1.793773,54.43718,"17/10/2022 18:02",NA,NA,"A051A3","","",NA,NA,NA,NA,NA,NA,NA,"Flag, Blue",NA,NA,NA,NA,NA,NA,NA,NA,441.38090811568
"260",-59.366122,-1.794179,53.74305,"17/10/2022 18:05",NA,NA,"A051A4","","",NA,NA,NA,NA,NA,NA,NA,"Flag, Blue",NA,NA,NA,NA,NA,NA,NA,NA,401.087936671068
"261",-59.366178,-1.794624,53.23206,"17/10/2022 18:07",NA,NA,"A051A5","","",NA,NA,NA,NA,NA,NA,NA,"Flag, Blue",NA,NA,NA,NA,NA,NA,NA,NA,352.066809022647
"262",-59.365854,-1.794978,52.88139,"17/10/2022 18:10",NA,NA,"A051A6","","",NA,NA,NA,NA,NA,NA,NA,"Flag, Blue",NA,NA,NA,NA,NA,NA,NA,NA,311.882655287638
"263",-59.530254,-1.802578,53.80895,"17/10/2022 19:10",NA,NA,"A052A1","","",NA,NA,NA,NA,NA,NA,NA,"Flag, Blue",NA,NA,NA,NA,NA,NA,NA,NA,1199.83102110579
"264",-59.530865,-1.80231,53.30399,"17/10/2022 19:18",NA,NA,"A052A2","","",NA,NA,NA,NA,NA,NA,NA,"Flag, Blue",NA,NA,NA,NA,NA,NA,NA,NA,1192.13947563348
"265",-59.531325,-1.802485,52.01601,"17/10/2022 19:21",NA,NA,"A052A3","","",NA,NA,NA,NA,NA,NA,NA,"Flag, Blue",NA,NA,NA,NA,NA,NA,NA,NA,1228.08375625296
"266",-59.531848,-1.802406,50.33536,"17/10/2022 19:27",NA,NA,"A052A4","","",NA,NA,NA,NA,NA,NA,NA,"Flag, Blue",NA,NA,NA,NA,NA,NA,NA,NA,1242.4323961739
"267",-59.532315,-1.802453,50.59703,"17/10/2022 19:30",NA,NA,"A052A5","","",NA,NA,NA,NA,NA,NA,NA,"Flag, Blue",NA,NA,NA,NA,NA,NA,NA,NA,1269.10231278877
"268",-59.532773,-1.802509,50.65047,"17/10/2022 19:31",NA,NA,"A052A6","","",NA,NA,NA,NA,NA,NA,NA,"Flag, Blue",NA,NA,NA,NA,NA,NA,NA,NA,1297.73657081873
"269",-59.764958,-1.576486,52.57424,"31/08/2022 14:13",NA,NA,"A053A1","","",NA,NA,NA,NA,NA,NA,NA,"Flag, Blue",NA,NA,NA,NA,NA,NA,NA,NA,115.526035664538
"270",-59.765413,-1.576474,51.89062,"31/08/2022 14:17",NA,NA,"A053A2","","",NA,NA,NA,NA,NA,NA,NA,"Flag, Blue",NA,NA,NA,NA,NA,NA,NA,NA,90.921277712629
"271",-59.765936,-1.576573,51.22269,"31/08/2022 14:20",NA,NA,"A053A3","","",NA,NA,NA,NA,NA,NA,NA,"Flag, Blue",NA,NA,NA,NA,NA,NA,NA,NA,64.9921156391261
"272",-59.766456,-1.576606,50.54821,"31/08/2022 14:24",NA,NA,"A053A4","","",NA,NA,NA,NA,NA,NA,NA,"Flag, Blue",NA,NA,NA,NA,NA,NA,NA,NA,78.3767078332461
"273",-59.766934,-1.576649,49.56117,"31/08/2022 14:28",NA,NA,"A053A5","","",NA,NA,NA,NA,NA,NA,NA,"Flag, Blue",NA,NA,NA,NA,NA,NA,NA,NA,71.4364165605281
"274",-59.767424,-1.576517,49.8335,"31/08/2022 14:31",NA,NA,"A053A6","","",NA,NA,NA,NA,NA,NA,NA,"Flag, Blue",NA,NA,NA,NA,NA,NA,NA,NA,81.952551409501
"275",-59.657814,-1.572524,53.07841,"15/09/2022 19:49",NA,NA,"A055A1","","",NA,NA,NA,NA,NA,NA,NA,"Flag, Blue",NA,NA,NA,NA,NA,NA,NA,NA,92.255253316379
"276",-59.657779,-1.573047,53.08121,"15/09/2022 19:29",NA,NA,"A055A2","","",NA,NA,NA,NA,NA,NA,NA,"Flag, Blue",NA,NA,NA,NA,NA,NA,NA,NA,149.825580998527
"277",-59.657788,-1.573511,52.5886,"15/09/2022 19:33",NA,NA,"A055A3","","",NA,NA,NA,NA,NA,NA,NA,"Flag, Blue",NA,NA,NA,NA,NA,NA,NA,NA,129.155852179352
"278",-59.65781,-1.573995,51.81601,"15/09/2022 19:37",NA,NA,"A055A4","","",NA,NA,NA,NA,NA,NA,NA,"Flag, Blue",NA,NA,NA,NA,NA,NA,NA,NA,90.3311001767763
"279",-59.657727,-1.574469,52.16559,"15/09/2022 19:40",NA,NA,"A055A5","","",NA,NA,NA,NA,NA,NA,NA,"Flag, Blue",NA,NA,NA,NA,NA,NA,NA,NA,57.7010273559267
"280",-59.657655,-1.574907,52.90206,"15/09/2022 19:45",NA,NA,"A055A6","","",NA,NA,NA,NA,NA,NA,NA,"Flag, Blue",NA,NA,NA,NA,NA,NA,NA,NA,19.8851658189367
"281",-59.467261,-1.856128,47.42713,"20/10/2022 20:35",NA,NA,"A057A1","","",NA,NA,NA,NA,NA,NA,NA,"Flag, Blue",NA,NA,NA,NA,NA,NA,NA,NA,1256.58115365778
"282",-59.467674,-1.856251,47.32261,"20/10/2022 20:36",NA,NA,"A057A2","","",NA,NA,NA,NA,NA,NA,NA,"Flag, Blue",NA,NA,NA,NA,NA,NA,NA,NA,1253.95666878
"283",-59.46817,-1.856163,47.5314,"20/10/2022 20:39",NA,NA,"A057A3","","",NA,NA,NA,NA,NA,NA,NA,"Flag, Blue",NA,NA,NA,NA,NA,NA,NA,NA,1228.17544109675
"284",-59.468672,-1.856136,47.12522,"21/10/2022 20:48",NA,NA,"A057A4","","",NA,NA,NA,NA,NA,NA,NA,"Flag, Blue",NA,NA,NA,NA,NA,NA,NA,NA,1210.84272835073
"285",-59.468606,-1.856158,47.08881,"20/10/2022 20:43",NA,NA,"A057A4","","",NA,NA,NA,NA,NA,NA,NA,"Flag, Blue",NA,NA,NA,NA,NA,NA,NA,NA,1214.96744716355
"286",-59.46914,-1.856087,47.45848,"20/10/2022 20:46",NA,NA,"A057A5","","",NA,NA,NA,NA,NA,NA,NA,"Flag, Blue",NA,NA,NA,NA,NA,NA,NA,NA,1194.23096910773
"287",-59.469537,-1.856451,47.75678,"20/10/2022 20:49",NA,NA,"A057A6","","",NA,NA,NA,NA,NA,NA,NA,"Flag, Blue",NA,NA,NA,NA,NA,NA,NA,NA,1226.05106608164
"288",-59.781855,-1.631547,54.67197,"29/08/2022 15:38",NA,NA,"A058A1","","",NA,NA,NA,NA,NA,NA,NA,"Flag, Blue",NA,NA,NA,NA,NA,NA,NA,NA,51.8168004044792
"289",-59.781741,-1.632073,55.14292,"29/08/2022 15:41",NA,NA,"A058A2","","",NA,NA,NA,NA,NA,NA,NA,"Flag, Blue",NA,NA,NA,NA,NA,NA,NA,NA,27.0649206392109
"290",-59.781691,-1.632567,54.61505,"29/08/2022 15:44",NA,NA,"A058A3","","",NA,NA,NA,NA,NA,NA,NA,"Flag, Blue",NA,NA,NA,NA,NA,NA,NA,NA,64.9194266139666
"291",-59.781629,-1.632992,54.413,"29/08/2022 15:48",NA,NA,"A058A4","","",NA,NA,NA,NA,NA,NA,NA,"Flag, Blue",NA,NA,NA,NA,NA,NA,NA,NA,110.442768382493
"292",-59.781661,-1.63364,55.39365,"29/08/2022 15:51",NA,NA,"A058A5","","",NA,NA,NA,NA,NA,NA,NA,"Flag, Blue",NA,NA,NA,NA,NA,NA,NA,NA,73.0430243934057
"293",-59.781736,-1.634114,54.97188,"29/08/2022 15:54",NA,NA,"A058A6","","",NA,NA,NA,NA,NA,NA,NA,"Flag, Blue",NA,NA,NA,NA,NA,NA,NA,NA,29.7604290139699
"294",-59.42558,-1.739109,61.67572,"20/10/2022 16:48",NA,NA,"A060A1","","",NA,NA,NA,NA,NA,NA,NA,"Flag, Blue",NA,NA,NA,NA,NA,NA,NA,NA,57.67859773028
"295",-59.425118,-1.739053,62.00475,"20/10/2022 16:52",NA,NA,"A060A2","","",NA,NA,NA,NA,NA,NA,NA,"Flag, Blue",NA,NA,NA,NA,NA,NA,NA,NA,63.7439496117072
"296",-59.424675,-1.739031,61.90528,"20/10/2022 16:55",NA,NA,"A060A3","","",NA,NA,NA,NA,NA,NA,NA,"Flag, Blue",NA,NA,NA,NA,NA,NA,NA,NA,66.5867284989592
"297",-59.424193,-1.739029,61.50014,"20/10/2022 16:58",NA,NA,"A060A4","","",NA,NA,NA,NA,NA,NA,NA,"Flag, Blue",NA,NA,NA,NA,NA,NA,NA,NA,64.6436026652543
"298",-59.423692,-1.739021,61.22104,"20/10/2022 17:00",NA,NA,"A060A5","","",NA,NA,NA,NA,NA,NA,NA,"Flag, Blue",NA,NA,NA,NA,NA,NA,NA,NA,93.631890511258
"299",-59.423239,-1.738984,61.09385,"20/10/2022 17:03",NA,NA,"A060A6","","",NA,NA,NA,NA,NA,NA,NA,"Flag, Blue",NA,NA,NA,NA,NA,NA,NA,NA,65.9885853037673
"300",-59.355083,-1.782663,60.82432,"17/10/2022 17:31",NA,NA,"A061A1","","",NA,NA,NA,NA,NA,NA,NA,"Flag, Blue",NA,NA,NA,NA,NA,NA,NA,NA,765.67145641403
"301",-59.355552,-1.782726,60.21808,"17/10/2022 17:34",NA,NA,"A061A2","","",NA,NA,NA,NA,NA,NA,NA,"Flag, Blue",NA,NA,NA,NA,NA,NA,NA,NA,787.564632660653
"302",-59.355955,-1.78275,59.4474,"17/10/2022 17:37",NA,NA,"A061A3","","",NA,NA,NA,NA,NA,NA,NA,"Flag, Blue",NA,NA,NA,NA,NA,NA,NA,NA,811.314971821734
"303",-59.356196,-1.782844,57.30521,"17/10/2022 17:44",NA,NA,"A061A4","","",NA,NA,NA,NA,NA,NA,NA,"Flag, Blue",NA,NA,NA,NA,NA,NA,NA,NA,817.201396343567
"304",-59.356673,-1.782768,56.79522,"17/10/2022 17:47",NA,NA,"A061A5","","",NA,NA,NA,NA,NA,NA,NA,"Flag, Blue",NA,NA,NA,NA,NA,NA,NA,NA,845.849932535737
"305",-59.357114,-1.782817,56.81034,"17/10/2022 17:49",NA,NA,"A061A6","","",NA,NA,NA,NA,NA,NA,NA,"Flag, Blue",NA,NA,NA,NA,NA,NA,NA,NA,862.763276081026
"306",-59.434506,-1.808139,56.76674,"18/10/2022 19:22",NA,NA,"A065A1","","",NA,NA,NA,NA,NA,NA,NA,"Flag, Blue",NA,NA,NA,NA,NA,NA,NA,NA,212.005871536725
"307",-59.434602,-1.808579,56.46574,"18/10/2022 19:24",NA,NA,"A065A2","","",NA,NA,NA,NA,NA,NA,NA,"Flag, Blue",NA,NA,NA,NA,NA,NA,NA,NA,169.294351716225
"308",-59.434668,-1.809002,55.99602,"18/10/2022 19:25",NA,NA,"A065A3","","",NA,NA,NA,NA,NA,NA,NA,"Flag, Blue",NA,NA,NA,NA,NA,NA,NA,NA,134.139342872581
"309",-59.434658,-1.80944,56.40308,"18/10/2022 19:27",NA,NA,"A065A4","","",NA,NA,NA,NA,NA,NA,NA,"Flag, Blue",NA,NA,NA,NA,NA,NA,NA,NA,116.555968078874
"310",-59.434713,-1.809803,55.12128,"18/10/2022 19:30",NA,NA,"A065A5","","",NA,NA,NA,NA,NA,NA,NA,"Flag, Blue",NA,NA,NA,NA,NA,NA,NA,NA,109.174282279307
"311",-59.434726,-1.810288,54.91881,"18/10/2022 19:33",NA,NA,"A065A6","","",NA,NA,NA,NA,NA,NA,NA,"Flag, Blue",NA,NA,NA,NA,NA,NA,NA,NA,80.8427732846891
"312",-59.663178,-1.859406,53.83139,"24/09/2022 17:46",NA,NA,"A067A1","","",NA,NA,NA,NA,NA,NA,NA,"Flag, Blue",NA,NA,NA,NA,NA,NA,NA,NA,463.304386510654
"313",-59.66277,-1.859296,54.41772,"24/09/2022 17:49",NA,NA,"A067A2","","",NA,NA,NA,NA,NA,NA,NA,"Flag, Blue",NA,NA,NA,NA,NA,NA,NA,NA,471.337293433196
"314",-59.662293,-1.859309,54.50824,"24/09/2022 17:51",NA,NA,"A067A3","","",NA,NA,NA,NA,NA,NA,NA,"Flag, Blue",NA,NA,NA,NA,NA,NA,NA,NA,469.526364349872
"315",-59.661825,-1.859255,55.60946,"24/09/2022 17:55",NA,NA,"A067A4","","",NA,NA,NA,NA,NA,NA,NA,"Flag, Blue",NA,NA,NA,NA,NA,NA,NA,NA,478.766498055782
"316",-59.661353,-1.859262,55.60913,"24/09/2022 17:56",NA,NA,"A067A5","","",NA,NA,NA,NA,NA,NA,NA,"Flag, Blue",NA,NA,NA,NA,NA,NA,NA,NA,486.950332672134
"317",-59.6608,-1.859189,56.12718,"24/09/2022 17:58",NA,NA,"A067A6","","",NA,NA,NA,NA,NA,NA,NA,"Flag, Blue",NA,NA,NA,NA,NA,NA,NA,NA,511.847093753467
"318",-59.549412,-1.762387,55.30986,"17/10/2022 17:14",NA,NA,"A068A1","","",NA,NA,NA,NA,NA,NA,NA,"Flag, Blue",NA,NA,NA,NA,NA,NA,NA,NA,352.495320203128
"319",-59.549482,-1.762835,56.05984,"17/10/2022 17:18",NA,NA,"A068A2","","",NA,NA,NA,NA,NA,NA,NA,"Flag, Blue",NA,NA,NA,NA,NA,NA,NA,NA,391.682878243768
"320",-59.54954,-1.763325,56.87444,"17/10/2022 17:22",NA,NA,"A068A3","","",NA,NA,NA,NA,NA,NA,NA,"Flag, Blue",NA,NA,NA,NA,NA,NA,NA,NA,435.765805623179
"321",-59.549593,-1.763779,56.56465,"17/10/2022 17:25",NA,NA,"A068A4","","",NA,NA,NA,NA,NA,NA,NA,"Flag, Blue",NA,NA,NA,NA,NA,NA,NA,NA,474.941452468719
"322",-59.549529,-1.764225,54.82374,"17/10/2022 17:29",NA,NA,"A068A5","","",NA,NA,NA,NA,NA,NA,NA,"Flag, Blue",NA,NA,NA,NA,NA,NA,NA,NA,504.686151676412
"323",-59.549726,-1.764636,53.66656,"17/10/2022 17:33",NA,NA,"A068A6","","",NA,NA,NA,NA,NA,NA,NA,"Flag, Blue",NA,NA,NA,NA,NA,NA,NA,NA,553.116036926743
"324",-59.713542,-1.718762,46.21274,"16/09/2022 21:08",NA,NA,"A069A1","","",NA,NA,NA,NA,NA,NA,NA,"Flag, Blue",NA,NA,NA,NA,NA,NA,NA,NA,259.963639544402
"325",-59.71403,-1.718794,45.59432,"16/09/2022 21:09",NA,NA,"A069A2","","",NA,NA,NA,NA,NA,NA,NA,"Flag, Blue",NA,NA,NA,NA,NA,NA,NA,NA,269.258141982333
"326",-59.714279,-1.719027,47.84063,"16/09/2022 21:16",NA,NA,"A069A3","","",NA,NA,NA,NA,NA,NA,NA,"Flag, Blue",NA,NA,NA,NA,NA,NA,NA,NA,300.962082249126
"327",-59.714962,-1.719031,46.79829,"16/09/2022 21:19",NA,NA,"A069A4","","",NA,NA,NA,NA,NA,NA,NA,"Flag, Blue",NA,NA,NA,NA,NA,NA,NA,NA,330.514272853387
"328",-59.715442,-1.718737,47.4487,"16/09/2022 21:25",NA,NA,"A069A5","","",NA,NA,NA,NA,NA,NA,NA,"Flag, Blue",NA,NA,NA,NA,NA,NA,NA,NA,322.915535189559
"329",-59.715647,-1.718936,47.03201,"16/09/2022 21:21",NA,NA,"A069A6","","",NA,NA,NA,NA,NA,NA,NA,"Flag, Blue",NA,NA,NA,NA,NA,NA,NA,NA,349.392626296386
"330",-59.664077,-1.52678,58.1536,"14/09/2022 17:24",NA,NA,"A071A1","","",NA,NA,NA,NA,NA,NA,NA,"Flag, Blue",NA,NA,NA,NA,NA,NA,NA,NA,17.9225396713992
"331",-59.663851,-1.526335,57.86784,"14/09/2022 17:28",NA,NA,"A071A2","","",NA,NA,NA,NA,NA,NA,NA,"Flag, Blue",NA,NA,NA,NA,NA,NA,NA,NA,40.2914412256492
"332",-59.663731,-1.525825,55.71354,"14/09/2022 17:32",NA,NA,"A071A3","","",NA,NA,NA,NA,NA,NA,NA,"Flag, Blue",NA,NA,NA,NA,NA,NA,NA,NA,84.7775570641023
"333",-59.663696,-1.525374,56.49894,"14/09/2022 17:36",NA,NA,"A071A4","","",NA,NA,NA,NA,NA,NA,NA,"Flag, Blue",NA,NA,NA,NA,NA,NA,NA,NA,129.000893023589
"334",-59.663581,-1.524818,56.03345,"14/09/2022 17:39",NA,NA,"A071A5","","",NA,NA,NA,NA,NA,NA,NA,"Flag, Blue",NA,NA,NA,NA,NA,NA,NA,NA,99.9356802924341
"335",-59.66357,-1.524355,55.65787,"14/09/2022 17:43",NA,NA,"A071A6","","",NA,NA,NA,NA,NA,NA,NA,"Flag, Blue",NA,NA,NA,NA,NA,NA,NA,NA,57.9270210385903
"336",-59.856725,-1.525122,55.75278,"02/09/2022 19:27",NA,NA,"A072A1","","",NA,NA,NA,NA,NA,NA,NA,"Flag, Blue",NA,NA,NA,NA,NA,NA,NA,NA,554.275875023259
"337",-59.856185,-1.525165,55.14929,"02/09/2022 19:30",NA,NA,"A072A2","","",NA,NA,NA,NA,NA,NA,NA,"Flag, Blue",NA,NA,NA,NA,NA,NA,NA,NA,594.632693980601
"338",-59.855774,-1.525213,55.10559,"02/09/2022 19:33",NA,NA,"A072A3","","",NA,NA,NA,NA,NA,NA,NA,"Flag, Blue",NA,NA,NA,NA,NA,NA,NA,NA,628.735796676417
"339",-59.855415,-1.525242,54.79936,"02/09/2022 19:36",NA,NA,"A072A4","","",NA,NA,NA,NA,NA,NA,NA,"Flag, Blue",NA,NA,NA,NA,NA,NA,NA,NA,616.946777634368
"340",-59.854839,-1.524994,54.81315,"02/09/2022 19:39",NA,NA,"A072A5","","",NA,NA,NA,NA,NA,NA,NA,"Flag, Blue",NA,NA,NA,NA,NA,NA,NA,NA,551.081460879595
"341",-59.854551,-1.525006,55.84286,"02/09/2022 19:42",NA,NA,"A072A6","","",NA,NA,NA,NA,NA,NA,NA,"Flag, Blue",NA,NA,NA,NA,NA,NA,NA,NA,529.228394104225
"342",-59.431338,-1.829638,48.96592,"19/10/2022 20:19",NA,NA,"A073A1","","",NA,NA,NA,NA,NA,NA,NA,"Flag, Blue",NA,NA,NA,NA,NA,NA,NA,NA,150.14299998433
"343",-59.431764,-1.829782,49.39373,"19/10/2022 20:21",NA,NA,"A073A2","","",NA,NA,NA,NA,NA,NA,NA,"Flag, Blue",NA,NA,NA,NA,NA,NA,NA,NA,199.976035002183
"344",-59.432218,-1.829756,49.93167,"19/10/2022 20:23",NA,NA,"A073A3","","",NA,NA,NA,NA,NA,NA,NA,"Flag, Blue",NA,NA,NA,NA,NA,NA,NA,NA,241.956901368158
"345",-59.43267,-1.829884,49.98446,"19/10/2022 20:27",NA,NA,"A073A4","","",NA,NA,NA,NA,NA,NA,NA,"Flag, Blue",NA,NA,NA,NA,NA,NA,NA,NA,219.80377064431
"346",-59.433137,-1.829883,49.41631,"19/10/2022 20:29",NA,NA,"A073A5","","",NA,NA,NA,NA,NA,NA,NA,"Flag, Blue",NA,NA,NA,NA,NA,NA,NA,NA,194.793713010202
"347",-59.433575,-1.829929,49.40805,"19/10/2022 20:32",NA,NA,"A073A6","","",NA,NA,NA,NA,NA,NA,NA,"Flag, Blue",NA,NA,NA,NA,NA,NA,NA,NA,187.150469524775
"348",-59.751057,-1.398451,55.18187,"25/08/2022 15:36",NA,NA,"A074A1","","",NA,NA,NA,NA,NA,NA,NA,"Flag, Blue",NA,NA,NA,NA,NA,NA,NA,NA,116.61862872879
"349",-59.750564,-1.398461,56.029,"25/08/2022 15:43",NA,NA,"A074A2","","",NA,NA,NA,NA,NA,NA,NA,"Flag, Blue",NA,NA,NA,NA,NA,NA,NA,NA,78.0182865976897
"350",-59.750097,-1.398528,55.80517,"25/08/2022 15:46",NA,NA,"A074A3","","",NA,NA,NA,NA,NA,NA,NA,"Flag, Blue",NA,NA,NA,NA,NA,NA,NA,NA,47.7006682323517
"351",-59.749579,-1.398566,55.94894,"25/08/2022 15:49",NA,NA,"A074A4","","",NA,NA,NA,NA,NA,NA,NA,"Flag, Blue",NA,NA,NA,NA,NA,NA,NA,NA,60.2535399000129
"352",-59.749054,-1.398348,56.69575,"25/08/2022 15:53",NA,NA,"A074A5","","",NA,NA,NA,NA,NA,NA,NA,"Flag, Blue",NA,NA,NA,NA,NA,NA,NA,NA,87.3860955559708
"353",-59.748813,-1.398599,56.9937,"25/08/2022 15:56",NA,NA,"A074A6","","",NA,NA,NA,NA,NA,NA,NA,"Flag, Blue",NA,NA,NA,NA,NA,NA,NA,NA,58.0641131708082
"354",-59.643782,-1.762538,55.18806,"25/09/2022 19:53",NA,NA,"A075A1","","",NA,NA,NA,NA,NA,NA,NA,"Flag, Blue",NA,NA,NA,NA,NA,NA,NA,NA,832.159508678158
"355",-59.641944,-1.762413,57.47239,"04/10/2022 17:32",NA,NA,"A075A1","","",NA,NA,NA,NA,NA,NA,NA,"Flag, Blue",NA,NA,NA,NA,NA,NA,NA,NA,846.373354752945
"356",-59.643341,-1.76245,55.35174,"25/09/2022 19:58",NA,NA,"A075A2","","",NA,NA,NA,NA,NA,NA,NA,"Flag, Blue",NA,NA,NA,NA,NA,NA,NA,NA,839.474487844964
"357",-59.642366,-1.76239,57.13949,"04/10/2022 17:36",NA,NA,"A075A2","","",NA,NA,NA,NA,NA,NA,NA,"Flag, Blue",NA,NA,NA,NA,NA,NA,NA,NA,850.953414445514
"358",-59.64288,-1.762308,54.37204,"25/09/2022 20:02",NA,NA,"A075A3","","",NA,NA,NA,NA,NA,NA,NA,"Flag, Blue",NA,NA,NA,NA,NA,NA,NA,NA,855.731219079999
"359",-59.642685,-1.76259,57.7155,"04/10/2022 17:38",NA,NA,"A075A3","","",NA,NA,NA,NA,NA,NA,NA,"Flag, Blue",NA,NA,NA,NA,NA,NA,NA,NA,825.780259058967
"360",-59.642422,-1.762212,53.99028,"25/09/2022 20:05",NA,NA,"A075A4","","",NA,NA,NA,NA,NA,NA,NA,"Flag, Blue",NA,NA,NA,NA,NA,NA,NA,NA,869.885231828512
"361",-59.643114,-1.762652,56.92751,"04/10/2022 17:47",NA,NA,"A075A4","","",NA,NA,NA,NA,NA,NA,NA,"Flag, Blue",NA,NA,NA,NA,NA,NA,NA,NA,817.027845246159
"362",-59.641991,-1.762064,53.33234,"25/09/2022 20:09",NA,NA,"A075A5","","",NA,NA,NA,NA,NA,NA,NA,"Flag, Blue",NA,NA,NA,NA,NA,NA,NA,NA,885.268571338527
"363",-59.643683,-1.762546,57.17094,"04/10/2022 17:49",NA,NA,"A075A5","","",NA,NA,NA,NA,NA,NA,NA,"Flag, Blue",NA,NA,NA,NA,NA,NA,NA,NA,830.483482610598
"364",-59.641573,-1.762121,52.05587,"25/09/2022 20:14",NA,NA,"A075A6","","",NA,NA,NA,NA,NA,NA,NA,"Flag, Blue",NA,NA,NA,NA,NA,NA,NA,NA,876.192201888145
"365",-59.644139,-1.762537,57.99158,"04/10/2022 17:52",NA,NA,"A075A6","","",NA,NA,NA,NA,NA,NA,NA,"Flag, Blue",NA,NA,NA,NA,NA,NA,NA,NA,836.329657629672
"366",-59.473207,-1.803307,54.56404,"20/10/2022 18:56",NA,NA,"A076A1","","",NA,NA,NA,NA,NA,NA,NA,"Flag, Blue",NA,NA,NA,NA,NA,NA,NA,NA,261.851424559846
"367",-59.472843,-1.803227,54.30712,"20/10/2022 19:00",NA,NA,"A076A2","","",NA,NA,NA,NA,NA,NA,NA,"Flag, Blue",NA,NA,NA,NA,NA,NA,NA,NA,299.401265727617
"368",-59.472393,-1.803266,54.16524,"20/10/2022 19:02",NA,NA,"A076A3","","",NA,NA,NA,NA,NA,NA,NA,"Flag, Blue",NA,NA,NA,NA,NA,NA,NA,NA,339.150737361584
"369",-59.471927,-1.803251,52.56296,"20/10/2022 19:07",NA,NA,"A076A4","","",NA,NA,NA,NA,NA,NA,NA,"Flag, Blue",NA,NA,NA,NA,NA,NA,NA,NA,385.615079911673
"370",-59.471563,-1.803155,51.99022,"20/10/2022 19:10",NA,NA,"A076A5","","",NA,NA,NA,NA,NA,NA,NA,"Flag, Blue",NA,NA,NA,NA,NA,NA,NA,NA,414.32213408121
"371",-59.471098,-1.803281,51.43284,"20/10/2022 19:17",NA,NA,"A076A6","","",NA,NA,NA,NA,NA,NA,NA,"Flag, Blue",NA,NA,NA,NA,NA,NA,NA,NA,434.435360321912
"372",-59.492014,-1.569357,57.3393,"10/10/2022 17:16",NA,NA,"A078A1","","",NA,NA,NA,NA,NA,NA,NA,"Flag, Blue",NA,NA,NA,NA,NA,NA,NA,NA,62.5068489384632
"373",-59.491546,-1.569377,57.33671,"10/10/2022 17:19",NA,NA,"A078A2","","",NA,NA,NA,NA,NA,NA,NA,"Flag, Blue",NA,NA,NA,NA,NA,NA,NA,NA,103.791155689653
"374",-59.49109,-1.56942,57.82496,"10/10/2022 17:23",NA,NA,"A078A3","","",NA,NA,NA,NA,NA,NA,NA,"Flag, Blue",NA,NA,NA,NA,NA,NA,NA,NA,117.493413834866
"375",-59.490644,-1.569323,58.55093,"10/10/2022 17:25",NA,NA,"A078A4","","",NA,NA,NA,NA,NA,NA,NA,"Flag, Blue",NA,NA,NA,NA,NA,NA,NA,NA,68.4100331753096
"376",-59.490171,-1.569238,58.5056,"10/10/2022 17:28",NA,NA,"A078A5","","",NA,NA,NA,NA,NA,NA,NA,"Flag, Blue",NA,NA,NA,NA,NA,NA,NA,NA,27.1665135675132
"377",-59.489736,-1.56921,59.3854,"10/10/2022 17:30",NA,NA,"A078A6","","",NA,NA,NA,NA,NA,NA,NA,"Flag, Blue",NA,NA,NA,NA,NA,NA,NA,NA,47.5211438417164
"378",-59.745321,-1.420751,54.60398,"25/08/2022 14:56",NA,NA,"A079A1","","",NA,NA,NA,NA,NA,NA,NA,"Flag, Blue",NA,NA,NA,NA,NA,NA,NA,NA,27.1259162395006
"379",-59.745435,-1.421123,54.49204,"25/08/2022 15:02",NA,NA,"A079A2","","",NA,NA,NA,NA,NA,NA,NA,"Flag, Blue",NA,NA,NA,NA,NA,NA,NA,NA,69.174642632561
"380",-59.745263,-1.421647,54.69939,"25/08/2022 15:05",NA,NA,"A079A3","","",NA,NA,NA,NA,NA,NA,NA,"Flag, Blue",NA,NA,NA,NA,NA,NA,NA,NA,126.407834036832
"381",-59.745151,-1.422077,54.23681,"25/08/2022 15:09",NA,NA,"A079A4","","",NA,NA,NA,NA,NA,NA,NA,"Flag, Blue",NA,NA,NA,NA,NA,NA,NA,NA,117.443228544588
"382",-59.745186,-1.422699,53.99691,"25/08/2022 15:14",NA,NA,"A079A5","","",NA,NA,NA,NA,NA,NA,NA,"Flag, Blue",NA,NA,NA,NA,NA,NA,NA,NA,78.0140466093579
"383",-59.745042,-1.423208,54.40982,"25/08/2022 15:17",NA,NA,"A079A6","","",NA,NA,NA,NA,NA,NA,NA,"Flag, Blue",NA,NA,NA,NA,NA,NA,NA,NA,65.2467279264302
"384",-59.677084,-1.841365,54.24117,"26/09/2022 17:46",NA,NA,"A080A1","","",NA,NA,NA,NA,NA,NA,NA,"Flag, Blue",NA,NA,NA,NA,NA,NA,NA,NA,82.4364443213664
"385",-59.677148,-1.84092,53.64489,"26/09/2022 17:49",NA,NA,"A080A2","","",NA,NA,NA,NA,NA,NA,NA,"Flag, Blue",NA,NA,NA,NA,NA,NA,NA,NA,42.2765204553371
"386",-59.677225,-1.840467,54.85437,"26/09/2022 17:51",NA,NA,"A080A3","","",NA,NA,NA,NA,NA,NA,NA,"Flag, Blue",NA,NA,NA,NA,NA,NA,NA,NA,39.5103489208353
"387",-59.677314,-1.840034,54.44359,"26/09/2022 17:54",NA,NA,"A080A4","","",NA,NA,NA,NA,NA,NA,NA,"Flag, Blue",NA,NA,NA,NA,NA,NA,NA,NA,61.4230268509171
"388",-59.677415,-1.8396,54.2351,"26/09/2022 17:57",NA,NA,"A080A5","","",NA,NA,NA,NA,NA,NA,NA,"Flag, Blue",NA,NA,NA,NA,NA,NA,NA,NA,33.1174765910002
"389",-59.677761,-1.83925,54.77724,"26/09/2022 18:00",NA,NA,"A080A6","","",NA,NA,NA,NA,NA,NA,NA,"Flag, Blue",NA,NA,NA,NA,NA,NA,NA,NA,9.72747207941398
"390",-59.664904,-1.712264,48.51193,"17/09/2022 20:23",NA,NA,"A081A1","","",NA,NA,NA,NA,NA,NA,NA,"Flag, Blue",NA,NA,NA,NA,NA,NA,NA,NA,657.727167191613
"391",-59.664915,-1.711826,48.94163,"17/09/2022 20:29",NA,NA,"A081A2","","",NA,NA,NA,NA,NA,NA,NA,"Flag, Blue",NA,NA,NA,NA,NA,NA,NA,NA,621.242350023097
"392",-59.664902,-1.71138,49.72481,"17/09/2022 20:33",NA,NA,"A081A3","","",NA,NA,NA,NA,NA,NA,NA,"Flag, Blue",NA,NA,NA,NA,NA,NA,NA,NA,587.857858872429
"393",-59.664909,-1.710947,49.13023,"17/09/2022 20:37",NA,NA,"A081A4","","",NA,NA,NA,NA,NA,NA,NA,"Flag, Blue",NA,NA,NA,NA,NA,NA,NA,NA,556.014848785918
"394",-59.664815,-1.710468,48.85137,"17/09/2022 20:42",NA,NA,"A081A5","","",NA,NA,NA,NA,NA,NA,NA,"Flag, Blue",NA,NA,NA,NA,NA,NA,NA,NA,533.013267437472
"395",-59.664789,-1.710201,48.75594,"17/09/2022 20:48",NA,NA,"A081A6","","",NA,NA,NA,NA,NA,NA,NA,"Flag, Blue",NA,NA,NA,NA,NA,NA,NA,NA,519.656480956216
"396",-59.593974,-1.793634,52.64292,"28/09/2022 19:00",NA,NA,"A082A1","","",NA,NA,NA,NA,NA,NA,NA,"Flag, Blue",NA,NA,NA,NA,NA,NA,NA,NA,1537.68273292862
"397",-59.593564,-1.793744,51.40606,"28/09/2022 19:06",NA,NA,"A082A2","","",NA,NA,NA,NA,NA,NA,NA,"Flag, Blue",NA,NA,NA,NA,NA,NA,NA,NA,1542.66926798504
"398",-59.59317,-1.793823,49.9571,"28/09/2022 19:11",NA,NA,"A082A3","","",NA,NA,NA,NA,NA,NA,NA,"Flag, Blue",NA,NA,NA,NA,NA,NA,NA,NA,1551.51073105891
"399",-59.592734,-1.793972,50.45573,"28/09/2022 19:15",NA,NA,"A082A4","","",NA,NA,NA,NA,NA,NA,NA,"Flag, Blue",NA,NA,NA,NA,NA,NA,NA,NA,1556.57207928786
"400",-59.592333,-1.793966,49.68537,"28/09/2022 19:19",NA,NA,"A082A5","","",NA,NA,NA,NA,NA,NA,NA,"Flag, Blue",NA,NA,NA,NA,NA,NA,NA,NA,1576.79478440317
"401",-59.59187,-1.793933,48.67306,"28/09/2022 19:27",NA,NA,"A082A6","","",NA,NA,NA,NA,NA,NA,NA,"Flag, Blue",NA,NA,NA,NA,NA,NA,NA,NA,1603.90889094103
"402",-59.469196,-1.818064,50.11116,"20/10/2022 19:30",NA,NA,"A084A1","","",NA,NA,NA,NA,NA,NA,NA,"Flag, Blue",NA,NA,NA,NA,NA,NA,NA,NA,363.029601363267
"403",-59.469018,-1.818497,50.01493,"20/10/2022 19:32",NA,NA,"A084A2","","",NA,NA,NA,NA,NA,NA,NA,"Flag, Blue",NA,NA,NA,NA,NA,NA,NA,NA,348.812172966933
"404",-59.469047,-1.818945,50.12888,"20/10/2022 19:33",NA,NA,"A084A3","","",NA,NA,NA,NA,NA,NA,NA,"Flag, Blue",NA,NA,NA,NA,NA,NA,NA,NA,313.580974602967
"405",-59.469118,-1.819361,50.70929,"20/10/2022 19:38",NA,NA,"A084A4","","",NA,NA,NA,NA,NA,NA,NA,"Flag, Blue",NA,NA,NA,NA,NA,NA,NA,NA,280.568562847365
"406",-59.469142,-1.819836,50.40359,"20/10/2022 19:39",NA,NA,"A084A5","","",NA,NA,NA,NA,NA,NA,NA,"Flag, Blue",NA,NA,NA,NA,NA,NA,NA,NA,254.160440427757
"407",-59.46915,-1.82026,49.56719,"20/10/2022 19:42",NA,NA,"A084A6","","",NA,NA,NA,NA,NA,NA,NA,"Flag, Blue",NA,NA,NA,NA,NA,NA,NA,NA,239.505851963209
"408",-59.874278,-1.568086,55.71848,"31/08/2022 20:04",NA,NA,"A086A1","","",NA,NA,NA,NA,NA,NA,NA,"Flag, Blue",NA,NA,NA,NA,NA,NA,NA,NA,229.503825876328
"409",-59.873793,-1.567946,55.66853,"31/08/2022 20:07",NA,NA,"A086A2","","",NA,NA,NA,NA,NA,NA,NA,"Flag, Blue",NA,NA,NA,NA,NA,NA,NA,NA,224.197140044838
"410",-59.873315,-1.567846,56.09384,"31/08/2022 20:12",NA,NA,"A086A3","","",NA,NA,NA,NA,NA,NA,NA,"Flag, Blue",NA,NA,NA,NA,NA,NA,NA,NA,195.837155692023
"411",-59.872655,-1.568038,55.83617,"31/08/2022 20:15",NA,NA,"A086A4","","",NA,NA,NA,NA,NA,NA,NA,"Flag, Blue",NA,NA,NA,NA,NA,NA,NA,NA,142.670976755396
"412",-59.872078,-1.567973,54.31669,"31/08/2022 20:22",NA,NA,"A086A5","","",NA,NA,NA,NA,NA,NA,NA,"Flag, Blue",NA,NA,NA,NA,NA,NA,NA,NA,144.578616756881
"413",-59.8714,-1.567947,54.07881,"31/08/2022 20:26",NA,NA,"A086A6","","",NA,NA,NA,NA,NA,NA,NA,"Flag, Blue",NA,NA,NA,NA,NA,NA,NA,NA,101.713213230436
"414",-59.737485,-1.412918,52.47758,"25/08/2022 13:59",NA,NA,"A088A1","","",NA,NA,NA,NA,NA,NA,NA,"Flag, Blue",NA,NA,NA,NA,NA,NA,NA,NA,300.293456163604
"415",-59.737065,-1.4128,52.35499,"25/08/2022 14:10",NA,NA,"A088A2","","",NA,NA,NA,NA,NA,NA,NA,"Flag, Blue",NA,NA,NA,NA,NA,NA,NA,NA,287.032533595727
"416",-59.736604,-1.412636,51.13075,"25/08/2022 14:18",NA,NA,"A088A3","","",NA,NA,NA,NA,NA,NA,NA,"Flag, Blue",NA,NA,NA,NA,NA,NA,NA,NA,285.197028818297
"417",-59.73616,-1.412584,51.79022,"25/08/2022 14:23",NA,NA,"A088A4","","",NA,NA,NA,NA,NA,NA,NA,"Flag, Blue",NA,NA,NA,NA,NA,NA,NA,NA,281.471538810346
"418",-59.735689,-1.412339,53.40354,"25/08/2022 14:35",NA,NA,"A088A5","","",NA,NA,NA,NA,NA,NA,NA,"Flag, Blue",NA,NA,NA,NA,NA,NA,NA,NA,307.973147294677
"419",-59.735185,-1.412268,53.67297,"25/08/2022 14:39",NA,NA,"A088A6","","",NA,NA,NA,NA,NA,NA,NA,"Flag, Blue",NA,NA,NA,NA,NA,NA,NA,NA,315.095987500136
"420",-59.664436,-1.775393,55.74857,"25/09/2022 19:29",NA,NA,"A089A1","","",NA,NA,NA,NA,NA,NA,NA,"Flag, Blue",NA,NA,NA,NA,NA,NA,NA,NA,198.985946541807
"421",-59.66446,-1.774933,56.16174,"25/09/2022 19:31",NA,NA,"A089A2","","",NA,NA,NA,NA,NA,NA,NA,"Flag, Blue",NA,NA,NA,NA,NA,NA,NA,NA,154.634031266943
"422",-59.664446,-1.774488,55.36164,"25/09/2022 19:34",NA,NA,"A089A3","","",NA,NA,NA,NA,NA,NA,NA,"Flag, Blue",NA,NA,NA,NA,NA,NA,NA,NA,120.167100138006
"423",-59.664424,-1.773994,55.22674,"25/09/2022 19:36",NA,NA,"A089A4","","",NA,NA,NA,NA,NA,NA,NA,"Flag, Blue",NA,NA,NA,NA,NA,NA,NA,NA,83.1999911981576
"424",-59.664417,-1.773516,55.72401,"25/09/2022 19:39",NA,NA,"A089A5","","",NA,NA,NA,NA,NA,NA,NA,"Flag, Blue",NA,NA,NA,NA,NA,NA,NA,NA,67.5190183901522
"425",-59.664408,-1.773059,56.0261,"25/09/2022 19:41",NA,NA,"A089A6","","",NA,NA,NA,NA,NA,NA,NA,"Flag, Blue",NA,NA,NA,NA,NA,NA,NA,NA,68.7111660385122
"426",-59.679336,-1.579573,55.7189,"14/09/2022 18:08",NA,NA,"A090A1","","",NA,NA,NA,NA,NA,NA,NA,"Flag, Blue",NA,NA,NA,NA,NA,NA,NA,NA,319.13756371629
"427",-59.679206,-1.579991,55.55627,"14/09/2022 18:12",NA,NA,"A090A2","","",NA,NA,NA,NA,NA,NA,NA,"Flag, Blue",NA,NA,NA,NA,NA,NA,NA,NA,360.152437338012
"428",-59.679078,-1.580419,55.06813,"14/09/2022 18:16",NA,NA,"A090A3","","",NA,NA,NA,NA,NA,NA,NA,"Flag, Blue",NA,NA,NA,NA,NA,NA,NA,NA,403.944628521686
"429",-59.679112,-1.581006,55.08853,"14/09/2022 18:20",NA,NA,"A090A4","","",NA,NA,NA,NA,NA,NA,NA,"Flag, Blue",NA,NA,NA,NA,NA,NA,NA,NA,468.669724911618
"430",-59.679224,-1.581609,56.04443,"14/09/2022 18:29",NA,NA,"A090A5","","",NA,NA,NA,NA,NA,NA,NA,"Flag, Blue",NA,NA,NA,NA,NA,NA,NA,NA,536.457483635127
"431",-59.679242,-1.582226,56.57738,"14/09/2022 18:35",NA,NA,"A090A6","","",NA,NA,NA,NA,NA,NA,NA,"Flag, Blue",NA,NA,NA,NA,NA,NA,NA,NA,604.262713115723
"432",-59.845429,-1.509714,48.50696,"01/09/2022 19:26",NA,NA,"A092A1","","",NA,NA,NA,NA,NA,NA,NA,"Flag, Blue",NA,NA,NA,NA,NA,NA,NA,NA,123.011138170518
"433",-59.845495,-1.509165,51.73103,"01/09/2022 19:32",NA,NA,"A092A2","","",NA,NA,NA,NA,NA,NA,NA,"Flag, Blue",NA,NA,NA,NA,NA,NA,NA,NA,99.9373631947648
"434",-59.845449,-1.508499,52.4945,"01/09/2022 19:35",NA,NA,"A092A3","","",NA,NA,NA,NA,NA,NA,NA,"Flag, Blue",NA,NA,NA,NA,NA,NA,NA,NA,105.996782438212
"435",-59.84537,-1.507799,53.37509,"01/09/2022 19:39",NA,NA,"A092A4","","",NA,NA,NA,NA,NA,NA,NA,"Flag, Blue",NA,NA,NA,NA,NA,NA,NA,NA,83.8951818632339
"436",-59.845302,-1.507269,54.1967,"01/09/2022 19:43",NA,NA,"A092A5","","",NA,NA,NA,NA,NA,NA,NA,"Flag, Blue",NA,NA,NA,NA,NA,NA,NA,NA,67.6086074478949
"437",-59.845228,-1.506806,54.14993,"01/09/2022 19:45",NA,NA,"A092A6","","",NA,NA,NA,NA,NA,NA,NA,"Flag, Blue",NA,NA,NA,NA,NA,NA,NA,NA,73.3572901467944
"438",-59.90654,-1.590892,54.60777,"31/08/2022 19:24",NA,NA,"A093A1","","",NA,NA,NA,NA,NA,NA,NA,"Flag, Blue",NA,NA,NA,NA,NA,NA,NA,NA,263.361702066465
"439",-59.906568,-1.591367,54.78262,"31/08/2022 19:30",NA,NA,"A093A2","","",NA,NA,NA,NA,NA,NA,NA,"Flag, Blue",NA,NA,NA,NA,NA,NA,NA,NA,211.982500798638
"440",-59.906551,-1.59183,54.71748,"31/08/2022 19:35",NA,NA,"A093A3","","",NA,NA,NA,NA,NA,NA,NA,"Flag, Blue",NA,NA,NA,NA,NA,NA,NA,NA,161.471586623892
"441",-59.906628,-1.592386,54.61126,"31/08/2022 19:39",NA,NA,"A093A4","","",NA,NA,NA,NA,NA,NA,NA,"Flag, Blue",NA,NA,NA,NA,NA,NA,NA,NA,105.658862694218
"442",-59.90666,-1.592909,54.57553,"31/08/2022 19:43",NA,NA,"A093A5","","",NA,NA,NA,NA,NA,NA,NA,"Flag, Blue",NA,NA,NA,NA,NA,NA,NA,NA,55.9234000623735
"443",-59.907073,-1.593337,54.68522,"31/08/2022 19:47",NA,NA,"A093A6","","",NA,NA,NA,NA,NA,NA,NA,"Flag, Blue",NA,NA,NA,NA,NA,NA,NA,NA,10.5817842440445
"444",-59.705761,-1.664928,66.6691,"16/09/2022 16:41",NA,NA,"A094A1","","",NA,NA,NA,NA,NA,NA,NA,"Flag, Blue",NA,NA,NA,NA,NA,NA,NA,NA,103.253101684754
"445",-59.705308,-1.664937,63.58104,"16/09/2022 16:47",NA,NA,"A094A2","","",NA,NA,NA,NA,NA,NA,NA,"Flag, Blue",NA,NA,NA,NA,NA,NA,NA,NA,147.966047652254
"446",-59.704835,-1.664933,62.83781,"16/09/2022 16:50",NA,NA,"A094A3","","",NA,NA,NA,NA,NA,NA,NA,"Flag, Blue",NA,NA,NA,NA,NA,NA,NA,NA,144.149075716262
"447",-59.704381,-1.664946,62.57713,"16/09/2022 16:54",NA,NA,"A094A4","","",NA,NA,NA,NA,NA,NA,NA,"Flag, Blue",NA,NA,NA,NA,NA,NA,NA,NA,124.137204961474
"448",-59.703922,-1.66504,59.94171,"16/09/2022 16:59",NA,NA,"A094A5","","",NA,NA,NA,NA,NA,NA,NA,"Flag, Blue",NA,NA,NA,NA,NA,NA,NA,NA,99.7698197755157
"449",-59.703463,-1.665057,60.27234,"16/09/2022 17:05",NA,NA,"A094A6","","",NA,NA,NA,NA,NA,NA,NA,"Flag, Blue",NA,NA,NA,NA,NA,NA,NA,NA,75.2687972611399
"450",-59.754262,-1.64781,54.04404,"29/08/2022 14:41",NA,NA,"A095A1","","",NA,NA,NA,NA,NA,NA,NA,"Flag, Blue",NA,NA,NA,NA,NA,NA,NA,NA,162.427125374092
"451",-59.754731,-1.647782,53.08984,"29/08/2022 14:45",NA,NA,"A095A2","","",NA,NA,NA,NA,NA,NA,NA,"Flag, Blue",NA,NA,NA,NA,NA,NA,NA,NA,181.018908138849
"452",-59.755255,-1.647801,51.89966,"29/08/2022 14:48",NA,NA,"A095A3","","",NA,NA,NA,NA,NA,NA,NA,"Flag, Blue",NA,NA,NA,NA,NA,NA,NA,NA,216.54585228518
"453",-59.755703,-1.647805,52.03871,"29/08/2022 14:52",NA,NA,"A095A4","","",NA,NA,NA,NA,NA,NA,NA,"Flag, Blue",NA,NA,NA,NA,NA,NA,NA,NA,182.398634236583
"454",-59.756241,-1.647816,51.26083,"29/08/2022 14:56",NA,NA,"A095A5","","",NA,NA,NA,NA,NA,NA,NA,"Flag, Blue",NA,NA,NA,NA,NA,NA,NA,NA,129.816973052424
"455",-59.756728,-1.647839,51.50245,"29/08/2022 15:00",NA,NA,"A095A6","","",NA,NA,NA,NA,NA,NA,NA,"Flag, Blue",NA,NA,NA,NA,NA,NA,NA,NA,89.2342225562832
"456",-59.736189,-1.592465,47.18924,"31/08/2022 13:28",NA,NA,"A096A1","","",NA,NA,NA,NA,NA,NA,NA,"Flag, Blue",NA,NA,NA,NA,NA,NA,NA,NA,658.490689938972
"457",-59.735833,-1.592636,49.05626,"31/08/2022 13:33",NA,NA,"A096A2","","",NA,NA,NA,NA,NA,NA,NA,"Flag, Blue",NA,NA,NA,NA,NA,NA,NA,NA,628.617698821073
"458",-59.735349,-1.592715,49.75716,"31/08/2022 13:37",NA,NA,"A096A3","","",NA,NA,NA,NA,NA,NA,NA,"Flag, Blue",NA,NA,NA,NA,NA,NA,NA,NA,607.454461740105
"459",-59.734917,-1.592805,50.51698,"31/08/2022 13:42",NA,NA,"A096A4","","",NA,NA,NA,NA,NA,NA,NA,"Flag, Blue",NA,NA,NA,NA,NA,NA,NA,NA,590.043739742716
"460",-59.734385,-1.592775,51.47573,"31/08/2022 13:45",NA,NA,"A096A5","","",NA,NA,NA,NA,NA,NA,NA,"Flag, Blue",NA,NA,NA,NA,NA,NA,NA,NA,589.240848576188
"461",-59.73386,-1.592777,51.49693,"31/08/2022 13:48",NA,NA,"A096A6","","",NA,NA,NA,NA,NA,NA,NA,"Flag, Blue",NA,NA,NA,NA,NA,NA,NA,NA,590.468706320668
"462",-59.815524,-1.530606,74.49023,"01/09/2022 20:21",NA,NA,"A099A1","","",NA,NA,NA,NA,NA,NA,NA,"Flag, Blue",NA,NA,NA,NA,NA,NA,NA,NA,77.5084002119574
"463",-59.815534,-1.531083,70.70436,"01/09/2022 20:28",NA,NA,"A099A2","","",NA,NA,NA,NA,NA,NA,NA,"Flag, Blue",NA,NA,NA,NA,NA,NA,NA,NA,81.5120688370701
"464",-59.815413,-1.531515,68.65972,"01/09/2022 20:30",NA,NA,"A099A3","","",NA,NA,NA,NA,NA,NA,NA,"Flag, Blue",NA,NA,NA,NA,NA,NA,NA,NA,43.2001348476263
"465",-59.815319,-1.531959,66.509,"01/09/2022 20:33",NA,NA,"A099A4","","",NA,NA,NA,NA,NA,NA,NA,"Flag, Blue",NA,NA,NA,NA,NA,NA,NA,NA,42.5808452092561
"466",-59.815163,-1.532464,65.12118,"01/09/2022 20:37",NA,NA,"A099A5","","",NA,NA,NA,NA,NA,NA,NA,"Flag, Blue",NA,NA,NA,NA,NA,NA,NA,NA,73.216606708864
"467",-59.815026,-1.532915,62.94379,"01/09/2022 20:40",NA,NA,"A099A6","","",NA,NA,NA,NA,NA,NA,NA,"Flag, Blue",NA,NA,NA,NA,NA,NA,NA,NA,71.8144625086127
"468",-59.803341,-1.433661,53.95634,"27/08/2022 13:50",NA,NA,"A100A1","","",NA,NA,NA,NA,NA,NA,NA,"Flag, Blue",NA,NA,NA,NA,NA,NA,NA,NA,389.713197425616
"469",-59.803377,-1.434177,53.23173,"27/08/2022 13:54",NA,NA,"A100A2","","",NA,NA,NA,NA,NA,NA,NA,"Flag, Blue",NA,NA,NA,NA,NA,NA,NA,NA,355.151471361136
"470",-59.803459,-1.434692,53.58919,"27/08/2022 13:59",NA,NA,"A100A3","","",NA,NA,NA,NA,NA,NA,NA,"Flag, Blue",NA,NA,NA,NA,NA,NA,NA,NA,331.53466263808
"471",-59.803521,-1.435163,53.6183,"27/08/2022 14:02",NA,NA,"A100A4","","",NA,NA,NA,NA,NA,NA,NA,"Flag, Blue",NA,NA,NA,NA,NA,NA,NA,NA,316.299275196363
"472",-59.803609,-1.435645,53.31697,"27/08/2022 14:04",NA,NA,"A100A5","","",NA,NA,NA,NA,NA,NA,NA,"Flag, Blue",NA,NA,NA,NA,NA,NA,NA,NA,311.979014778101
"473",-59.803668,-1.43609,52.91169,"27/08/2022 14:07",NA,NA,"A100A6","","",NA,NA,NA,NA,NA,NA,NA,"Flag, Blue",NA,NA,NA,NA,NA,NA,NA,NA,313.814207320288
"474",-59.552664,-1.810424,48.78434,"17/10/2022 19:46",NA,NA,"A104A1","","",NA,NA,NA,NA,NA,NA,NA,"Flag, Blue",NA,NA,NA,NA,NA,NA,NA,NA,3470.61103785619
"475",-59.55263,-1.810906,49.41041,"17/10/2022 19:49",NA,NA,"A104A2","","",NA,NA,NA,NA,NA,NA,NA,"Flag, Blue",NA,NA,NA,NA,NA,NA,NA,NA,3498.88153690037
"476",-59.552754,-1.811335,49.10728,"17/10/2022 19:51",NA,NA,"A104A3","","",NA,NA,NA,NA,NA,NA,NA,"Flag, Blue",NA,NA,NA,NA,NA,NA,NA,NA,3498.68197542203
"477",-59.552737,-1.811824,49.26344,"17/10/2022 19:53",NA,NA,"A104A4","","",NA,NA,NA,NA,NA,NA,NA,"Flag, Blue",NA,NA,NA,NA,NA,NA,NA,NA,3446.24923168527
"478",-59.552576,-1.812282,49.74797,"17/10/2022 19:55",NA,NA,"A104A5","","",NA,NA,NA,NA,NA,NA,NA,"Flag, Blue",NA,NA,NA,NA,NA,NA,NA,NA,3400.74554689841
"479",-59.552432,-1.812773,49.65219,"17/10/2022 19:58",NA,NA,"A104A6","","",NA,NA,NA,NA,NA,NA,NA,"Flag, Blue",NA,NA,NA,NA,NA,NA,NA,NA,3351.49770192754
"480",-59.434939,-1.819799,54.88517,"18/10/2022 19:39",NA,NA,"A108A1","","",NA,NA,NA,NA,NA,NA,NA,"Flag, Blue",NA,NA,NA,NA,NA,NA,NA,NA,289.555429188654
"481",-59.435411,-1.82003,53.88702,"18/10/2022 19:42",NA,NA,"A108A2","","",NA,NA,NA,NA,NA,NA,NA,"Flag, Blue",NA,NA,NA,NA,NA,NA,NA,NA,325.303494464259
"482",-59.435837,-1.820138,53.86576,"18/10/2022 19:44",NA,NA,"A108A3","","",NA,NA,NA,NA,NA,NA,NA,"Flag, Blue",NA,NA,NA,NA,NA,NA,NA,NA,352.389365187607
"483",-59.436294,-1.820182,54.6276,"18/10/2022 19:46",NA,NA,"A108A4","","",NA,NA,NA,NA,NA,NA,NA,"Flag, Blue",NA,NA,NA,NA,NA,NA,NA,NA,379.318997739081
"484",-59.436698,-1.820232,53.08281,"18/10/2022 19:54",NA,NA,"A108A5","","",NA,NA,NA,NA,NA,NA,NA,"Flag, Blue",NA,NA,NA,NA,NA,NA,NA,NA,406.108633009112
"485",-59.43715,-1.820181,52.78885,"18/10/2022 19:56",NA,NA,"A108A6","","",NA,NA,NA,NA,NA,NA,NA,"Flag, Blue",NA,NA,NA,NA,NA,NA,NA,NA,428.207947266412
"486",-59.46548,-1.768246,53.99939,"20/10/2022 19:33",NA,NA,"A110A1","","",NA,NA,NA,NA,NA,NA,NA,"Flag, Blue",NA,NA,NA,NA,NA,NA,NA,NA,23.5615709338167
"487",-59.46505,-1.768169,54.13535,"20/10/2022 19:38",NA,NA,"A110A2","","",NA,NA,NA,NA,NA,NA,NA,"Flag, Blue",NA,NA,NA,NA,NA,NA,NA,NA,41.7918358053244
"488",-59.464599,-1.768117,54.75008,"20/10/2022 19:40",NA,NA,"A110A3","","",NA,NA,NA,NA,NA,NA,NA,"Flag, Blue",NA,NA,NA,NA,NA,NA,NA,NA,87.8781432336782
"489",-59.464163,-1.768188,55.01767,"20/10/2022 19:45",NA,NA,"A110A4","","",NA,NA,NA,NA,NA,NA,NA,"Flag, Blue",NA,NA,NA,NA,NA,NA,NA,NA,97.8112373594831
"490",-59.464185,-1.76815,54.34531,"20/10/2022 19:47",NA,NA,"A110A4","","",NA,NA,NA,NA,NA,NA,NA,"Flag, Blue",NA,NA,NA,NA,NA,NA,NA,NA,102.240326021986
"491",-59.463735,-1.76822,54.53037,"20/10/2022 19:48",NA,NA,"A110A5","","",NA,NA,NA,NA,NA,NA,NA,"Flag, Blue",NA,NA,NA,NA,NA,NA,NA,NA,61.6717778305709
"492",-59.463244,-1.768221,53.4668,"20/10/2022 19:50",NA,NA,"A110A6","","",NA,NA,NA,NA,NA,NA,NA,"Flag, Blue",NA,NA,NA,NA,NA,NA,NA,NA,38.7410638065776
"493",-59.505512,-1.869217,51.55626,"04/10/2022 19:51",NA,NA,"A111A1","","",NA,NA,NA,NA,NA,NA,NA,"Flag, Blue",NA,NA,NA,NA,NA,NA,NA,NA,4134.93925541829
"494",-59.505428,-1.869686,52.6608,"04/10/2022 19:55",NA,NA,"A111A2","","",NA,NA,NA,NA,NA,NA,NA,"Flag, Blue",NA,NA,NA,NA,NA,NA,NA,NA,4092.40069828205
"495",-59.505314,-1.870135,52.01756,"04/10/2022 19:58",NA,NA,"A111A3","","",NA,NA,NA,NA,NA,NA,NA,"Flag, Blue",NA,NA,NA,NA,NA,NA,NA,NA,4053.57394765375
"496",-59.505434,-1.870593,52.27261,"04/10/2022 20:01",NA,NA,"A111A4","","",NA,NA,NA,NA,NA,NA,NA,"Flag, Blue",NA,NA,NA,NA,NA,NA,NA,NA,4002.3352390765
"497",-59.505465,-1.871132,51.85452,"04/10/2022 20:05",NA,NA,"A111A5","","",NA,NA,NA,NA,NA,NA,NA,"Flag, Blue",NA,NA,NA,NA,NA,NA,NA,NA,3947.6524545881
"498",-59.505448,-1.871634,51.04025,"04/10/2022 20:10",NA,NA,"A111A6","","",NA,NA,NA,NA,NA,NA,NA,"Flag, Blue",NA,NA,NA,NA,NA,NA,NA,NA,3899.21299425078
"499",-59.742998,-1.516649,57.43275,"01/09/2022 17:59",NA,NA,"A113A1","","",NA,NA,NA,NA,NA,NA,NA,"Flag, Blue",NA,NA,NA,NA,NA,NA,NA,NA,250.13713435211
"500",-59.743433,-1.516752,56.44651,"01/09/2022 18:03",NA,NA,"A113A2","","",NA,NA,NA,NA,NA,NA,NA,"Flag, Blue",NA,NA,NA,NA,NA,NA,NA,NA,274.274174867105
"501",-59.743863,-1.516822,55.93927,"01/09/2022 18:07",NA,NA,"A113A3","","",NA,NA,NA,NA,NA,NA,NA,"Flag, Blue",NA,NA,NA,NA,NA,NA,NA,NA,233.753098436701
"502",-59.744448,-1.517016,55.88224,"01/09/2022 18:12",NA,NA,"A113A4","","",NA,NA,NA,NA,NA,NA,NA,"Flag, Blue",NA,NA,NA,NA,NA,NA,NA,NA,172.905588055699
"503",-59.744991,-1.517119,55.35225,"01/09/2022 18:16",NA,NA,"A113A5","","",NA,NA,NA,NA,NA,NA,NA,"Flag, Blue",NA,NA,NA,NA,NA,NA,NA,NA,123.14517779938
"504",-59.745552,-1.51723,56.00813,"01/09/2022 18:21",NA,NA,"A113A6","","",NA,NA,NA,NA,NA,NA,NA,"Flag, Blue",NA,NA,NA,NA,NA,NA,NA,NA,71.7430905055521
"505",-59.580117,-1.765973,49.68285,"04/10/2022 14:50",NA,NA,"A115A1","","",NA,NA,NA,NA,NA,NA,NA,"Flag, Blue",NA,NA,NA,NA,NA,NA,NA,NA,2758.04273059253
"506",-59.579969,-1.766347,51.08131,"04/10/2022 14:55",NA,NA,"A115A2","","",NA,NA,NA,NA,NA,NA,NA,"Flag, Blue",NA,NA,NA,NA,NA,NA,NA,NA,2771.98618098832
"507",-59.579897,-1.766884,51.24107,"04/10/2022 15:03",NA,NA,"A115A3","","",NA,NA,NA,NA,NA,NA,NA,"Flag, Blue",NA,NA,NA,NA,NA,NA,NA,NA,2804.82699358839
"508",-59.579842,-1.767343,50.97331,"04/10/2022 15:06",NA,NA,"A115A4","","",NA,NA,NA,NA,NA,NA,NA,"Flag, Blue",NA,NA,NA,NA,NA,NA,NA,NA,2834.13875285808
"509",-59.579692,-1.767785,51.86777,"04/10/2022 15:12",NA,NA,"A115A5","","",NA,NA,NA,NA,NA,NA,NA,"Flag, Blue",NA,NA,NA,NA,NA,NA,NA,NA,2855.06854608721
"510",-59.579584,-1.768283,51.36278,"04/10/2022 15:15",NA,NA,"A115A6","","",NA,NA,NA,NA,NA,NA,NA,"Flag, Blue",NA,NA,NA,NA,NA,NA,NA,NA,2884.44030971623
"511",-59.445338,-1.746717,61.07678,"20/10/2022 18:58",NA,NA,"A116A1","","",NA,NA,NA,NA,NA,NA,NA,"Flag, Blue",NA,NA,NA,NA,NA,NA,NA,NA,137.347881551411
"512",-59.445748,-1.746753,58.7706,"20/10/2022 19:04",NA,NA,"A116A2","","",NA,NA,NA,NA,NA,NA,NA,"Flag, Blue",NA,NA,NA,NA,NA,NA,NA,NA,107.213799597972
"513",-59.446198,-1.746687,58.06426,"20/10/2022 19:07",NA,NA,"A116A3","","",NA,NA,NA,NA,NA,NA,NA,"Flag, Blue",NA,NA,NA,NA,NA,NA,NA,NA,77.2952974504447
"514",-59.446674,-1.746646,57.58497,"20/10/2022 19:09",NA,NA,"A116A4","","",NA,NA,NA,NA,NA,NA,NA,"Flag, Blue",NA,NA,NA,NA,NA,NA,NA,NA,54.2871285086069
"515",-59.447223,-1.746628,56.93563,"20/10/2022 19:13",NA,NA,"A116A5","","",NA,NA,NA,NA,NA,NA,NA,"Flag, Blue",NA,NA,NA,NA,NA,NA,NA,NA,78.1075171815206
"516",-59.447685,-1.746693,55.91471,"20/10/2022 19:17",NA,NA,"A116A6","","",NA,NA,NA,NA,NA,NA,NA,"Flag, Blue",NA,NA,NA,NA,NA,NA,NA,NA,74.7425312990834
"517",-59.513603,-1.823931,49.69532,"17/10/2022 20:54",NA,NA,"A117A1","","",NA,NA,NA,NA,NA,NA,NA,"Flag, Blue",NA,NA,NA,NA,NA,NA,NA,NA,2147.39438700692
"518",-59.513167,-1.82374,50.58818,"17/10/2022 20:57",NA,NA,"A117A2","","",NA,NA,NA,NA,NA,NA,NA,"Flag, Blue",NA,NA,NA,NA,NA,NA,NA,NA,2115.70027338407
"519",-59.512702,-1.823871,49.83864,"17/10/2022 20:58",NA,NA,"A117A3","","",NA,NA,NA,NA,NA,NA,NA,"Flag, Blue",NA,NA,NA,NA,NA,NA,NA,NA,2119.13408984552
"520",-59.512243,-1.823885,49.63264,"17/10/2022 21:02",NA,NA,"A117A4","","",NA,NA,NA,NA,NA,NA,NA,"Flag, Blue",NA,NA,NA,NA,NA,NA,NA,NA,2111.28922935417
"521",-59.511769,-1.823764,49.77397,"17/10/2022 21:06",NA,NA,"A117A5","","",NA,NA,NA,NA,NA,NA,NA,"Flag, Blue",NA,NA,NA,NA,NA,NA,NA,NA,2089.64559428767
"522",-59.511299,-1.823663,49.9117,"17/10/2022 21:07",NA,NA,"A117A6","","",NA,NA,NA,NA,NA,NA,NA,"Flag, Blue",NA,NA,NA,NA,NA,NA,NA,NA,2071.4562903731
"523",-59.47891,-1.624536,48.14426,"10/10/2022 16:09",NA,NA,"A118A1","","",NA,NA,NA,NA,NA,NA,NA,"Flag, Blue",NA,NA,NA,NA,NA,NA,NA,NA,117.306692351597
"524",-59.478975,-1.624127,48.86717,"10/10/2022 16:12",NA,NA,"A118A2","","",NA,NA,NA,NA,NA,NA,NA,"Flag, Blue",NA,NA,NA,NA,NA,NA,NA,NA,162.278482766546
"525",-59.479076,-1.623647,49.73513,"10/10/2022 16:17",NA,NA,"A118A3","","",NA,NA,NA,NA,NA,NA,NA,"Flag, Blue",NA,NA,NA,NA,NA,NA,NA,NA,214.996199748487
"526",-59.478984,-1.623179,49.48211,"10/10/2022 16:18",NA,NA,"A118A4","","",NA,NA,NA,NA,NA,NA,NA,"Flag, Blue",NA,NA,NA,NA,NA,NA,NA,NA,231.859917644369
"527",-59.478887,-1.622712,49.75739,"10/10/2022 16:22",NA,NA,"A118A5","","",NA,NA,NA,NA,NA,NA,NA,"Flag, Blue",NA,NA,NA,NA,NA,NA,NA,NA,229.926982795614
"528",-59.478707,-1.622301,49.4956,"10/10/2022 16:24",NA,NA,"A118A6","","",NA,NA,NA,NA,NA,NA,NA,"Flag, Blue",NA,NA,NA,NA,NA,NA,NA,NA,200.685212041676
"529",-59.564786,-1.684712,54.17274,"08/10/2022 15:21",NA,NA,"A119A1","","",NA,NA,NA,NA,NA,NA,NA,"Flag, Blue",NA,NA,NA,NA,NA,NA,NA,NA,140.675508310044
"530",-59.564278,-1.684753,52.92067,"08/10/2022 15:29",NA,NA,"A119A2","","",NA,NA,NA,NA,NA,NA,NA,"Flag, Blue",NA,NA,NA,NA,NA,NA,NA,NA,133.35486305066
"531",-59.563882,-1.684802,52.80949,"08/10/2022 15:33",NA,NA,"A119A3","","",NA,NA,NA,NA,NA,NA,NA,"Flag, Blue",NA,NA,NA,NA,NA,NA,NA,NA,133.647018050061
"532",-59.563428,-1.68475,52.94896,"08/10/2022 15:38",NA,NA,"A119A4","","",NA,NA,NA,NA,NA,NA,NA,"Flag, Blue",NA,NA,NA,NA,NA,NA,NA,NA,159.643463629008
"533",-59.563052,-1.684584,54.17689,"08/10/2022 15:42",NA,NA,"A119A5","","",NA,NA,NA,NA,NA,NA,NA,"Flag, Blue",NA,NA,NA,NA,NA,NA,NA,NA,116.830269298568
"534",-59.562459,-1.684727,54.67476,"08/10/2022 15:47",NA,NA,"A119A6","","",NA,NA,NA,NA,NA,NA,NA,"Flag, Blue",NA,NA,NA,NA,NA,NA,NA,NA,84.0525717651363
"535",-59.738758,-1.545204,51.20663,"31/08/2022 15:25",NA,NA,"A120A1","","",NA,NA,NA,NA,NA,NA,NA,"Flag, Blue",NA,NA,NA,NA,NA,NA,NA,NA,87.0314605768483
"536",-59.738378,-1.545319,51.93446,"31/08/2022 15:31",NA,NA,"A120A2","","",NA,NA,NA,NA,NA,NA,NA,"Flag, Blue",NA,NA,NA,NA,NA,NA,NA,NA,44.0766000818723
"537",-59.73792,-1.545348,52.67783,"31/08/2022 15:41",NA,NA,"A120A3","","",NA,NA,NA,NA,NA,NA,NA,"Flag, Blue",NA,NA,NA,NA,NA,NA,NA,NA,27.127573661478
"538",-59.737393,-1.545384,53.21225,"31/08/2022 15:44",NA,NA,"A120A4","","",NA,NA,NA,NA,NA,NA,NA,"Flag, Blue",NA,NA,NA,NA,NA,NA,NA,NA,49.7286760406245
"539",-59.736923,-1.545407,53.44838,"31/08/2022 15:48",NA,NA,"A120A5","","",NA,NA,NA,NA,NA,NA,NA,"Flag, Blue",NA,NA,NA,NA,NA,NA,NA,NA,17.1149972143089
"540",-59.736376,-1.545477,52.53757,"31/08/2022 15:51",NA,NA,"A120A6","","",NA,NA,NA,NA,NA,NA,NA,"Flag, Blue",NA,NA,NA,NA,NA,NA,NA,NA,53.0797263666791
"541",-59.411205,-1.542795,47.59782,"11/10/2022 13:49",NA,NA,"A666A1","","",NA,NA,NA,NA,NA,NA,NA,"Flag, Blue",NA,NA,NA,NA,NA,NA,NA,NA,23.5542952441461
"542",-59.410897,-1.542481,48.46684,"11/10/2022 13:53",NA,NA,"A666A2","","",NA,NA,NA,NA,NA,NA,NA,"Flag, Blue",NA,NA,NA,NA,NA,NA,NA,NA,11.7494140815037
"543",-59.410828,-1.542098,49.37346,"11/10/2022 13:59",NA,NA,"A666A3","","",NA,NA,NA,NA,NA,NA,NA,"Flag, Blue",NA,NA,NA,NA,NA,NA,NA,NA,25.2277697723796
"544",-59.410888,-1.541641,49.01684,"11/10/2022 14:04",NA,NA,"A666A4","","",NA,NA,NA,NA,NA,NA,NA,"Flag, Blue",NA,NA,NA,NA,NA,NA,NA,NA,15.2076041178337
"545",-59.411043,-1.5412,48.55268,"11/10/2022 14:08",NA,NA,"A666A5","","",NA,NA,NA,NA,NA,NA,NA,"Flag, Blue",NA,NA,NA,NA,NA,NA,NA,NA,66.2025851885084
"546",-59.411173,-1.540766,48.64218,"11/10/2022 14:14",NA,NA,"A666A6","","",NA,NA,NA,NA,NA,NA,NA,"Flag, Blue",NA,NA,NA,NA,NA,NA,NA,NA,116.310271431109
"547",-59.478679,-1.882192,48.1575,"19/10/2022 14:05",NA,NA,"A777A1","","",NA,NA,NA,NA,NA,NA,NA,"Flag, Blue",NA,NA,NA,NA,NA,NA,NA,NA,2705.11958527022
"548",-59.478862,-1.88178,48.03954,"19/10/2022 14:08",NA,NA,"A777A2","","",NA,NA,NA,NA,NA,NA,NA,"Flag, Blue",NA,NA,NA,NA,NA,NA,NA,NA,2743.20862595837
"549",-59.479064,-1.881388,48.74037,"19/10/2022 14:10",NA,NA,"A777A3","","",NA,NA,NA,NA,NA,NA,NA,"Flag, Blue",NA,NA,NA,NA,NA,NA,NA,NA,2782.56907159697
"550",-59.479278,-1.881016,49.3926,"19/10/2022 14:13",NA,NA,"A777A4","","",NA,NA,NA,NA,NA,NA,NA,"Flag, Blue",NA,NA,NA,NA,NA,NA,NA,NA,2822.40329443725
"551",-59.479504,-1.880614,49.84852,"19/10/2022 14:16",NA,NA,"A777A5","","",NA,NA,NA,NA,NA,NA,NA,"Flag, Blue",NA,NA,NA,NA,NA,NA,NA,NA,2865.19569999737
"552",-59.479684,-1.880195,49.98078,"19/10/2022 14:18",NA,NA,"A777A6","","",NA,NA,NA,NA,NA,NA,NA,"Flag, Blue",NA,NA,NA,NA,NA,NA,NA,NA,2904.63949768858
"553",-59.706105,-1.738674,52.87019,"14/09/2022 17:49",NA,NA,"A888A1","","",NA,NA,NA,NA,NA,NA,NA,"Flag, Blue",NA,NA,NA,NA,NA,NA,NA,NA,170.041033755418
"554",-59.705722,-1.738391,53.75068,"14/09/2022 17:54",NA,NA,"A888A2","","",NA,NA,NA,NA,NA,NA,NA,"Flag, Blue",NA,NA,NA,NA,NA,NA,NA,NA,121.665107190579
"555",-59.705202,-1.738313,54.40373,"14/09/2022 17:59",NA,NA,"A888A3","","",NA,NA,NA,NA,NA,NA,NA,"Flag, Blue",NA,NA,NA,NA,NA,NA,NA,NA,63.1721884516143
"556",-59.704669,-1.738232,54.93555,"14/09/2022 18:02",NA,NA,"A888A4","","",NA,NA,NA,NA,NA,NA,NA,"Flag, Blue",NA,NA,NA,NA,NA,NA,NA,NA,3.46602313726991
"557",-59.704291,-1.738037,54.47261,"14/09/2022 18:04",NA,NA,"A888A5","","",NA,NA,NA,NA,NA,NA,NA,"Flag, Blue",NA,NA,NA,NA,NA,NA,NA,NA,44.7515026790727
"558",-59.703804,-1.737928,54.10968,"14/09/2022 18:15",NA,NA,"A888A6","","",NA,NA,NA,NA,NA,NA,NA,"Flag, Blue",NA,NA,NA,NA,NA,NA,NA,NA,25.2621385575565
"559",-59.857112,-1.488733,56.05716,"04/09/2022 15:59",NA,NA,"A999A1","","",NA,NA,NA,NA,NA,NA,NA,"Flag, Blue",NA,NA,NA,NA,NA,NA,NA,NA,53.4419031804199
"560",-59.85743,-1.488427,56.12214,"04/09/2022 16:01",NA,NA,"A999A2","","",NA,NA,NA,NA,NA,NA,NA,"Flag, Blue",NA,NA,NA,NA,NA,NA,NA,NA,93.1834657392959
"561",-59.857732,-1.488056,56.4758,"04/09/2022 16:05",NA,NA,"A999A3","","",NA,NA,NA,NA,NA,NA,NA,"Flag, Blue",NA,NA,NA,NA,NA,NA,NA,NA,140.781043659152
"562",-59.858028,-1.487716,57.16774,"04/09/2022 16:08",NA,NA,"A999A4","","",NA,NA,NA,NA,NA,NA,NA,"Flag, Blue",NA,NA,NA,NA,NA,NA,NA,NA,176.568629069961
"563",-59.858398,-1.487476,58.40524,"04/09/2022 16:12",NA,NA,"A999A5","","",NA,NA,NA,NA,NA,NA,NA,"Flag, Blue",NA,NA,NA,NA,NA,NA,NA,NA,127.629768295722
"564",-59.858781,-1.487242,58.73787,"04/09/2022 16:15",NA,NA,"A999A6","","",NA,NA,NA,NA,NA,NA,NA,"Flag, Blue",NA,NA,NA,NA,NA,NA,NA,NA,78.0200937091694
